,Unnamed: 0,Brand,Name,Colour,Storage,Battery,Camera_Pixel,Selfie_cam_pixel,Display_size,RAM,Star_ratings,Users_rated,Price
0,0,Vivo,vivo Y22,Starlit Blue,128.0,5000.0,50,8,16.63,6.0,3.6,28.0,16499.0
1,1,Vivo,vivo Y15s,Mystic Blue,32.0,5000.0,13,8,16.55,3.0,4.1,456.0,9499.0
2,2,Vivo,Vivo Y21,Midnight Blue,64.0,5000.0,13,8,16.55,4.0,4.1,4282.0,12634.0
3,3,Vivo,Vivo Y33T,Mirror Black,128.0,5000.0,50,16,16.71,8.0,4.2,1117.0,17990.0
4,4,Vivo,Vivo Y21,Diamond Glow,64.0,5000.0,13,8,16.55,4.0,4.1,4282.0,13218.0
5,5,Vivo,vivo Y16,Drizzling Gold,64.0,5000.0,13,5,16.55,4.0,3.4,21.0,12499.0
6,6,Vivo,vivo Y35,Agate Black,128.0,5000.0,50,16,16.72,8.0,4.1,90.0,18499.0
7,7,Vivo,Vivo Y75,Dancing Waves,128.0,4050.0,50,44,16.71,8.0,4.0,165.0,20990.0
8,8,Vivo,vivo Y16,Stellar Black,64.0,5000.0,13,5,16.55,4.0,3.4,21.0,12499.0
9,9,Vivo,vivo Y22,Metaverse Green,128.0,5000.0,50,8,16.63,6.0,3.6,28.0,16499.0
10,10,Vivo,Vivo Y15s,Wave Green,32.0,5000.0,13,8,16.55,3.0,4.1,456.0,9499.0
11,11,Vivo,vivo Y15C,Mystic Blue,64.0,5000.0,13,8,16.55,3.0,3.5,293.0,10499.0
12,12,Vivo,Vivo Y01,Sapphire Blue,32.0,5000.0,8,5,16.53,2.0,3.8,95.0,7999.0
13,13,Vivo,Vivo V23,Stardust Black,128.0,4200.0,64,8,16.36,8.0,4.0,287.0,29699.0
14,14,Vivo,vivo Y35,Dawn Gold,128.0,5000.0,50,16,16.72,8.0,4.1,90.0,18499.0
15,15,Vivo,Vivo Y21T,PearlWhite,128.0,5000.0,50,8,16.71,4.0,4.2,524.0,15490.0
16,16,Vivo,Vivo Y21G,Midnight Blue,64.0,5000.0,13,8,16.53,4.0,4.1,4282.0,13499.0
17,17,Vivo,vivo Y22,Metaverse Green,64.0,5000.0,50,8,16.63,4.0,3.6,28.0,14499.0
18,18,Vivo,Vivo V21,Sunset Dazzle,128.0,4000.0,64,44,16.65,8.0,4.2,1870.0,28500.0
19,19,Vivo,Vivo Y01,Elegant Black,32.0,5000.0,8,5,16.53,2.0,3.8,95.0,7999.0
20,20,Vivo,Vivo Y75,Moonlight Shadow,128.0,4050.0,50,44,16.71,8.0,4.0,165.0,20990.0
21,21,Vivo,Vivo S1,Mystic Black,128.0,5000.0,48,32,16.2,8.0,2.9,8.0,12999.0
22,22,Vivo,Vivo Y21G,Diamond Glow,64.0,5000.0,13,8,16.53,4.0,4.1,4282.0,13499.0
23,23,Vivo,Vivo NEX,Black,128.0,4000.0,5,8,16.74,8.0,4.5,1303.0,21890.0
24,24,Vivo,Vivo Y21T,Midnight Blue,128.0,5000.0,50,8,16.71,4.0,4.2,524.0,14499.0
25,25,Vivo,Vivo V21,Arctic White,128.0,4000.0,64,44,16.65,8.0,4.2,1870.0,26990.0
26,26,Vivo,Vivo Y53s,Deap Sea,128.0,5000.0,64,16,16.71,8.0,4.2,2090.0,19999.0
27,27,Vivo,Vivo V21,Arctic White,128.0,4000.0,64,44,16.65,8.0,4.2,1870.0,26990.0
28,28,Vivo,Vivo Y73,Roman Black,128.0,4000.0,64,16,16.37,8.0,4.3,2643.0,19999.0
29,29,Vivo,vivo X70,Cosmic Black,128.0,4450.0,50,32,16.66,8.0,5.0,1.0,37999.0
30,30,Vivo,Vivo U20,Blazing Blue,64.0,5000.0,16,16,16.58,4.0,4.3,26270.0,15000.0
31,31,Vivo,Vivo Y51,Titanium Sapphire,128.0,5000.0,48,16,16.71,8.0,4.3,1276.0,17900.0
32,32,Vivo,VIVO Y20T,Purist Blue,64.0,5000.0,13,8,16.55,6.0,4.3,249.0,17990.0
33,33,Vivo,Vivo Y93,Nebula Purple,64.0,4030.0,13,8,15.8,3.0,4.2,888.0,13000.0
34,34,Vivo,Vivo V20,Sunset Melody,128.0,4000.0,64,8,16.37,8.0,4.3,3600.0,28000.0
35,35,Vivo,Vivo Y31,Ocean Blue,128.0,5000.0,48,16,16.71,6.0,4.2,1591.0,35999.0
36,36,Vivo,Vivo Y72,Prism Magic,128.0,5000.0,2,8,16.71,8.0,4.1,1438.0,23990.0
37,37,Vivo,Vivo V23,Sunshine Gold,128.0,4300.0,108,8,16.66,8.0,3.9,85.0,37679.0
38,38,Vivo,Vivo Y91,Ocean Blue,32.0,4030.0,13,8,15.8,2.0,4.2,280.0,9600.0
39,39,Vivo,Vivo V20,Aquamarine Green,128.0,4100.0,48,32,16.37,8.0,4.6,67.0,19000.0
40,40,Vivo,Vivo V15,Ruby Red,128.0,5000.0,32,5,16.23,6.0,4.3,9312.0,28000.0
41,41,Vivo,Vivo Y95,Starry Black,64.0,4030.0,13,20,15.798,4.0,4.2,1330.0,15000.0
42,42,Vivo,Vivo Y15,Burgundy Red,64.0,5000.0,13,16,16.15,4.0,4.2,6326.0,12500.0
43,43,Vivo,Vivo Y12,Burgundy Red,64.0,5000.0,2,8,16.15,3.0,3.6,37.0,11500.0
0,0,One Plus,OnePlus Nord CE,Bahamas Blue,128.0,4500.0,64,16,16.3322,8.0,4.3,95660.0,24999.0
1,1,One Plus,OnePlus Nord 2T,Gray Shadow,128.0,4500.0,50,32,16.3322,8.0,4.3,12958.0,28999.0
2,2,One Plus,OnePlus Nord CE,Gray Mirror,128.0,4500.0,64,16,16.3322,8.0,4.3,95660.0,24999.0
3,3,One Plus,OnePlus Nord CE,Blue Tide,128.0,5000.0,64,16,16.738599999999998,6.0,4.3,95660.0,18999.0
4,4,One Plus,OnePlus Nord 2T,Jade Fog,256.0,4500.0,50,32,16.3322,12.0,4.3,12958.0,33999.0
5,5,One Plus,OnePlus Nord 2T,Jade Fog,128.0,4500.0,50,32,16.3322,8.0,4.3,12958.0,28999.0
6,6,One Plus,OnePlus 10R ,Forest Green,128.0,5000.0,50,16,17.018,8.0,4.2,9128.0,34999.0
7,7,One Plus,OnePlus 10R ,Forest Green,256.0,5000.0,50,16,17.018,12.0,4.2,9128.0,38999.0
8,8,One Plus,OnePlus 10T ,Moonstone Black,256.0,4800.0,50,16,17.018,12.0,4.2,2214.0,49999.0
9,9,One Plus,OnePlus 10 Pro,Emerald Forest,128.0,5000.0,48,32,17.018,8.0,4.2,4624.0,61999.0
10,10,One Plus,OnePlus 10R ,Sierra Black,128.0,5000.0,50,16,17.018,8.0,4.2,9128.0,34999.0
11,11,One Plus,OnePlus 10T ,Moonstone Black,128.0,4800.0,50,16,17.018,8.0,4.2,2214.0,44999.0
12,12,One Plus,OnePlus 10T ,Moonstone Black,256.0,4800.0,50,16,17.018,16.0,4.2,2214.0,50999.0
13,13,One Plus,OnePlus 10T ,Jade Green,128.0,4800.0,50,16,17.018,8.0,4.2,2214.0,44999.0
14,14,One Plus,OnePlus 10 Pro,Volcanic Black,256.0,5000.0,48,32,17.018,12.0,4.2,4624.0,66999.0
15,15,One Plus,OnePlus Nord ,Gray Onyx,128.0,4500.0,48,8,16.3576,8.0,3.5,1797.0,22099.0
16,16,One Plus,OnePlus 6,Mirror Black,64.0,3300.0,16,16,16.3576,6.0,3.2,386.0,15999.0
17,17,One Plus,OnePlus 7 Pro,Mirror Grey,128.0,4000.0,48,16,16.3576,6.0,3.4,83.0,33999.0
18,18,One Plus,OnePlus 9 Pro,Morning Mist,128.0,4500.0,48,16,17.018,8.0,3.0,7.0,47999.0
19,19,One Plus,OnePlus 10 Pro,Volcanic Black,128.0,5000.0,48,32,17.018,8.0,4.2,4624.0,61999.0
20,20,One Plus,OnePlus Nord CE,Gray Mirror,128.0,4500.0,64,16,16.3322,8.0,4.3,95660.0,24999.0
21,21,One Plus,OnePlus 7,Mirror Grey,128.0,3700.0,48,16,16.3576,6.0,3.4,159.0,18799.0
22,22,One Plus,OnePlus 6,Midnight Black,64.0,3300.0,16,16,16.3576,6.0,3.0,2.0,12759.0
23,23,One Plus,OnePlus 7T,Glacier Blue,128.0,4500.0,16,16,16.637,8.0,3.4,448.0,23699.0
24,24,One Plus,OnePlus 5,Gray,64.0,4500.0,20,16,16.3576,6.0,2.8,162.0,10499.0
25,25,One Plus,OnePlus 7T Glacier,8GB RAM,256.0,3800.0,16,16,16.637,8.0,3.4,448.0,25599.0
26,26,One Plus,OnePlus Nord 2,Gray Sierra,128.0,4500.0,50,32,16.3576,8.0,3.6,465.0,26999.0
27,27,One Plus,OnePlus 8T ,Aquamarine Green,256.0,4500.0,48,16,16.637,12.0,4.4,27107.0,32999.0
28,28,One Plus,OnePlus Nord 2,Blue Haze,128.0,4500.0,50,32,16.3576,8.0,3.6,465.0,26999.0
29,29,One Plus,OnePlus Nord 2,Blue Haze,128.0,4500.0,50,32,16.3576,8.0,3.6,465.0,26999.0
30,30,One Plus,OnePlus 9R ,Lake Blue,128.0,4500.0,48,16,16.637,8.0,3.3,378.0,32499.0
31,31,One Plus,OnePlus 6,Mirror Black,128.0,4500.0,16,16,16.3576,8.0,2.9,190.0,15999.0
32,32,One Plus,OnePlus 10 Pro,Emerald Forest,256.0,5000.0,48,32,17.018,12.0,4.4,3.0,60999.0
33,33,One Plus,OnePlus Nord ,Blue Marble,128.0,4500.0,48,8,16.3576,8.0,3.5,1797.0,22099.0
34,34,One Plus,OnePlus 9 ,Astral Black,256.0,4500.0,48,16,16.637,12.0,3.8,19.0,36899.0
35,35,One Plus,OnePlus Nord 2,Blue Haze,256.0,4500.0,50,32,16.3576,12.0,3.5,76.0,30699.0
36,36,One Plus,OnePlus Nord CE,Blue Void,128.0,4500.0,64,16,16.3576,8.0,3.4,739.0,18999.0
37,37,One Plus,OnePlus 9RT ,Nano Silver,128.0,500.0,50,16,16.8148,8.0,2.7,20.0,37999.0
38,38,One Plus,OnePlus 9 Pro,Pine Green,128.0,4500.0,48,16,17.018,8.0,2.2,8.0,47999.0
39,39,One Plus,OnePlus 8T ,Lunar Silver,128.0,4500.0,48,16,16.637,8.0,3.3,92.0,30999.0
40,40,One Plus,OnePlus 3T Gunmetal,6GB,64.0,400.0,16,16,16.3576,6.0,2.2,23.0,10394.0
41,41,One Plus,OnePlus 8T ,Aquamarine Green,256.0,4500.0,48,16,16.637,12.0,3.2,107.0,32999.0
0,0,Realme,realme narzo 50i,Mint Green,32.0,5000.0,8,5,16.51,2.0,4.0,27776.0,7499.0
1,1,Realme,realme narzo 50i,Mint Green,64.0,5000.0,8,5,16.51,4.0,4.0,27776.0,8999.0
2,2,Realme,realme narzo 50,Speed Black,64.0,5000.0,50,16,16.5,4.0,4.2,10853.0,12999.0
3,3,Realme,realme narzo 50,Speed Black,128.0,5000.0,50,16,16.5,6.0,4.2,10853.0,15499.0
4,4,Realme,realme Narzo 50,Hyper Black,128.0,5000.0,48,16,16.3,6.0,4.1,2479.0,21990.0
5,5,Realme,realme narzo 50A,Oxygen Blue,128.0,6000.0,50,8,16.51,4.0,4.2,40352.0,12499.0
6,6,Realme,realme narzo 50A,Flash Blue,64.0,5000.0,50,8,16.7,4.0,4.0,5677.0,11499.0
7,7,Realme,realme narzo 50A,Oxygen Blue,64.0,5000.0,50,8,16.51,4.0,4.2,40352.0,11499.0
8,8,Realme,realme narzo 50i,Dark Blue,32.0,5000.0,8,5,16.5,3.0,4.1,1198.0,7999.0
9,9,Realme,realme narzo 50,Speed Blue,64.0,5000.0,50,16,16.5,4.0,4.2,10853.0,12999.0
10,10,Realme,Realme C35,Glowing Green,64.0,5000.0,50,8,16.76,4.0,3.9,548.0,12130.0
11,11,Realme,realme narzo 50i,Carbon Black,64.0,5000.0,8,5,16.51,4.0,4.0,27776.0,8999.0
12,12,Realme,realme narzo 50A,Flash Blue,64.0,5000.0,50,8,16.7,4.0,4.0,5677.0,11499.0
13,13,Realme,realme narzo 50,Hyper Blue,128.0,5000.0,48,8,16.7,4.0,4.2,1959.0,16990.0
14,14,Realme,realme narzo 50i,Carbon Black,32.0,5000.0,8,5,16.51,2.0,4.0,27776.0,7499.0
15,15,Realme,realme C11 2021,Cool Blue,64.0,5000.0,8,5,16.56,4.0,4.1,12095.0,8999.0
16,16,Realme,Realme 9 Pro,Midnight Black,128.0,5000.0,64,16,16.76,6.0,3.9,276.0,20990.0
17,17,Realme,Realme 9i,Prism Blue,128.0,5000.0,50,16,16.76,4.0,4.2,311.0,14049.0
18,18,Realme,realme 9 5G,Stargaze White,128.0,5000.0,48,16,16.51,6.0,3.8,59.0,16525.0
19,19,Realme,realme narzo 50A,Oxygen Green,128.0,5000.0,50,8,16.51,4.0,4.2,40352.0,12499.0
20,20,Realme,Realme C35,Glowing Green,128.0,5000.0,50,8,16.76,4.0,3.9,548.0,12599.0
21,21,Realme,Realme 9i 5G,Metallica Gold,128.0,5000.0,50,8,16.76,6.0,4.1,508.0,16799.0
22,22,Realme,Realme C33,Aqua Blue,64.0,5000.0,50,5,16.51,4.0,3.0,23.0,10880.0
23,23,Realme,Realme C25Y,Metal Grey,128.0,5000.0,50,8,16.51,4.0,3.8,278.0,11425.0
24,24,Realme,realme 8i,Space Black,64.0,5000.0,50,16,16.76,4.0,4.2,702.0,12780.0
25,25,Realme,realme narzo 50A,Oxygen Green,64.0,5000.0,50,8,16.51,4.0,4.2,40352.0,11499.0
26,26,Realme,realme C11 2021,Cool Grey,64.0,5000.0,8,5,16.56,4.0,4.1,12095.0,8850.0
27,27,Realme,Realme C35,Glowing Black,64.0,5000.0,50,8,16.76,4.0,3.9,548.0,11420.0
28,28,Realme,Realme C30,Denim Black,32.0,5000.0,8,5,16.51,3.0,3.3,2.0,7499.0
29,29,Realme,Realme C33,Aqua Blue,64.0,5000.0,50,5,16.51,4.0,3.0,23.0,10880.0
30,30,Realme,realme Narzo 50,Hyper Blue,128.0,5000.0,48,16,16.3,6.0,4.1,2479.0,21990.0
31,31,Realme,realme narzo 30,Racing Silver,128.0,5000.0,48,16,16.51,6.0,4.2,3032.0,16999.0
32,32,Realme,Realme C25Y,Glacier Blue,64.0,5000.0,50,8,16.51,4.0,3.9,245.0,9999.0
33,33,Realme,Realme C30s,Stripe Black,64.0,5000.0,8,5,16.51,4.0,5.0,3.0,8579.0
34,34,Realme,Realme C30,Bamboo Green,32.0,5000.0,8,5,16.51,2.0,3.7,28.0,6699.0
35,35,Realme,realme 9 5G,Supersonic Black,128.0,5000.0,48,16,16.51,6.0,4.2,311.0,16798.0
36,36,Realme,realme C11,Cool Blue,32.0,5000.0,8,5,16.51,2.0,4.1,12095.0,6980.0
37,37,Realme,Realme 9 5G,Azure Glow,128.0,5000.0,48,16,16.76,8.0,3.6,41.0,22999.0
38,38,Realme,realme 8s 5G,Universe Purple,128.0,5000.0,64,16,16.51,6.0,4.1,4598.0,17989.0
39,39,Realme,Realme C31,Dark Green,64.0,5000.0,13,5,16.56,4.0,3.7,160.0,10600.0
40,40,Realme,Realme C33,Night Sea,64.0,5000.0,50,5,16.51,4.0,3.0,23.0,10482.0
41,41,Realme,Realme C30,Lake Blue,32.0,5000.0,8,5,16.51,3.0,3.7,16.0,8440.0
42,42,Realme,Realme 9 Pro,Aurora Green,128.0,5000.0,64,16,16.76,6.0,3.9,276.0,18999.0
43,43,Realme,realme 9,Meteor Black,128.0,5000.0,108,16,16.26,6.0,3.9,49.0,16130.0
44,44,Realme,realme 8i,Space Purple,64.0,5000.0,50,16,16.76,4.0,4.1,4598.0,12680.0
45,45,Realme,realme 8i,Space Purple,64.0,5000.0,50,16,16.76,4.0,4.1,4598.0,12680.0
46,46,Realme,Realme C30s,Stripe Blue,64.0,5000.0,8,5,16.51,4.0,3.7,16.0,8490.0
47,47,Realme,realme 8s 5G,Universe Blue,128.0,5000.0,64,16,16.51,6.0,4.3,189.0,14989.0
48,48,Realme,Realme C30,Lake Blue,32.0,5000.0,8,5,16.51,2.0,3.7,28.0,6645.0
49,49,Realme,Realme C33,Sandy Gold,64.0,5000.0,50,5,16.51,4.0,3.0,23.0,10999.0
0,0,Redmi,Redmi 11 Prime,Playful Green,64.0,5000.0,50,8,16.71,4.0,4.3,86.0,13999.0
1,1,Redmi,Redmi Note 11T,Matte Black,128.0,5000.0,50,16,16.71,8.0,4.1,27690.0,19999.0
2,2,Redmi,Redmi 9A Sport,Carbon Black,32.0,5000.0,13,5,16.58,2.0,4.2,304361.0,6999.0
3,3,Redmi,Redmi 9A Sport,Coral Green,32.0,5000.0,13,5,16.58,2.0,4.2,304361.0,6999.0
4,4,Redmi,Redmi 9 Activ,Carbon Black,64.0,5000.0,13,5,16.58,4.0,4.2,304361.0,7999.0
5,5,Redmi,Redmi 10A ,Charcoal Black,64.0,5000.0,13,5,15.58,4.0,3.9,8999.0,8999.0
6,6,Redmi,Redmi A1 ,Light Blue,32.0,5000.0,8,5,16.56,2.0,4.0,3898.0,6499.0
7,7,Redmi,Redmi 10 Prime,Astral White,64.0,6000.0,50,8,16.5,4.0,4.1,59699.0,12999.0
8,8,Redmi,Redmi Note 11T,Stardust White,128.0,5000.0,50,16,16.71,6.0,4.1,27690.0,16999.0
9,9,Redmi,Redmi A1 ,Light Green,32.0,5000.0,8,5,16.56,2.0,4.0,3898.0,6499.0
10,10,Redmi,Redmi Note 11,Horizon Blue,64.0,5000.0,50,13,16.33,4.0,4.1,45285.0,12999.0
11,11,Redmi,Redmi Note 10S,Deep Sea,64.0,5000.0,64,13,16.33,6.0,4.2,214826.0,14999.0
12,12,Redmi,Redmi 10A ,Sea Blue,64.0,5000.0,13,5,15.58,4.0,3.9,8999.0,8499.0
13,13,Redmi,Redmi 9A Sport,Carbon Black,32.0,5000.0,13,5,16.58,2.0,4.2,304361.0,6999.0
14,14,Redmi,Redmi 10A Sport,Sea Blue,8.0,5000.0,13,5,15.58,6.0,3.7,481.0,10499.0
15,15,Redmi,Redmi Note 11,Space Black,64.0,5000.0,50,13,16.33,4.0,4.1,45285.0,12999.0
16,16,Redmi,Redmi 11 Prime,Meadow Green,64.0,5000.0,50,8,16.71,4.0,3.8,1077.0,13999.0
17,17,Redmi,Redmi 10 Prime,Phantom Black,128.0,6000.0,50,8,16.5,6.0,4.1,59699.0,12999.0
18,18,Redmi,Redmi 10A ,Slate Grey,64.0,5000.0,13,5,15.58,4.0,3.9,8999.0,8999.0
19,19,Redmi,Redmi Note 11,Space Black,128.0,5000.0,50,13,16.33,6.0,4.1,45285.0,14499.0
20,20,Redmi,Redmi 11 Prime,Thunder Black,64.0,5000.0,50,8,16.71,4.0,3.8,1077.0,13999.0
21,21,Redmi,Redmi 10 Power,Power Black,128.0,6000.0,50,5,17.01,8.0,4.1,278.0,12499.0
22,22,Redmi,Redmi Note 11,Renewed,64.0,5000.0,50,13,16.33,4.0,3.9,14.0,11999.0
23,23,Redmi,Redmi Note 10,Glacial Blue,128.0,5020.0,108,16,16.9,6.0,4.1,45333.0,17999.0
24,24,Redmi,Redmi 11 Prime,Chrome Silver,64.0,5000.0,50,8,16.71,4.0,3.8,1077.0,13999.0
25,25,Redmi,Redmi Note 10,Dark Nebula,128.0,5020.0,108,16,16.9,6.0,4.1,45333.0,17999.0
26,26,Redmi,Redmi Note 11S,Space Black,128.0,5000.0,108,16,16.33,6.0,4.1,4189.0,17499.0
27,27,Redmi,Redmi Note 9,Interstellar Black,64.0,5020.0,48,16,16.9418,4.0,4.3,130966.0,13880.0
28,28,Redmi,Redmi Note 10,Vintage Bronze,128.0,5020.0,108,16,16.9,6.0,4.1,45333.0,17999.0
29,29,Redmi,Redmi 9 ,Sporty Orange,64.0,5000.0,13,5,16.58,4.0,4.2,304361.0,10990.0
0,0,Samsung,Samsung Galaxy A23,Blue,128.0,5000.0,50,50,16.7,6.0,4.0,575.0,18499.0
1,1,Samsung,Samsung Galaxy M32,Blue,128.0,6000.0,64,2,16.2,6.0,4.1,53298.0,15499.0
2,2,Samsung,Samsung Galaxy M32,Black,128.0,6000.0,64,2,16.2,6.0,4.1,53298.0,15499.0
3,3,Samsung,Samsung Galaxy M32,Blue,64.0,6000.0,64,2,16.2,4.0,4.1,53298.0,13499.0
4,4,Samsung,Samsung Galaxy M32,Black,64.0,6000.0,64,2,16.2,4.0,4.1,53298.0,13499.0
5,5,Samsung,Samsung Galaxy M33,Mystique Green,128.0,6000.0,50,8,16.7,6.0,4.1,18532.0,18999.0
6,6,Samsung,Samsung Galaxy M33,Emerald Brown,128.0,6000.0,50,8,16.7,6.0,4.1,18532.0,18999.0
7,7,Samsung,Samsung Galaxy M33,Ocean Blue,128.0,6000.0,50,8,16.7,8.0,4.1,18532.0,20499.0
8,8,Samsung,Samsung Galaxy M33,Mystique Green,128.0,6000.0,50,8,16.7,8.0,4.1,18532.0,20499.0
9,9,Samsung,Samsung Galaxy M53,Mystique Green,128.0,5000.0,108,108,16.7,6.0,3.9,7303.0,26499.0
10,10,Samsung,Samsung Galaxy M53,Ocean Blue,128.0,5000.0,108,108,17.0,6.0,3.9,7303.0,26499.0
11,11,Samsung,Samsung Galaxy A53,Black,128.0,5000.0,64,64,17.0,6.0,3.9,49.0,31999.0
12,12,Samsung,Samsung Galaxy A53,Orange,128.0,5000.0,64,64,16.5,6.0,3.9,49.0,31999.0
13,13,Samsung,Samsung Galaxy S20,Lavender,128.0,4500.0,12,12,16.5,8.0,4.2,25154.0,31079.0
14,14,Samsung,Samsung Galaxy M13,Brown,64.0,6000.0,50,8,16.5,4.0,4.0,12770.0,11999.0
15,15,Samsung,Samsung Galaxy M13,Blue,64.0,6000.0,50,8,16.7,4.0,4.0,12770.0,11999.0
16,16,Samsung,Samsung Galaxy M13,Aqua Green,128.0,6000.0,50,8,16.7,6.0,4.0,12770.0,13999.0
17,17,Samsung,Samsung Galaxy M13,Aqua Green,64.0,6000.0,50,8,16.7,4.0,4.0,12770.0,11999.0
18,18,Samsung,Samsung Galaxy M12,Blue,64.0,6000.0,48,8,16.7,4.0,4.1,168160.0,11999.0
19,19,Samsung,Samsung Galaxy A23,Blue,128.0,6000.0,50,50,16.5,6.0,4.0,575.0,18499.0
20,20,Samsung,Samsung Galaxy A23,Black,128.0,5000.0,50,50,16.5,6.0,4.0,575.0,18499.0
21,21,Samsung,Samsung Galaxy A23,Orange,128.0,5000.0,50,50,16.7,6.0,4.0,575.0,17490.0
22,22,Samsung,Samsung Galaxy A23,Peach,128.0,5000.0,50,50,16.5,6.0,4.0,575.0,18499.0
23,23,Samsung,Samsung Galaxy A23,Blue,128.0,5000.0,50,50,16.6,8.0,4.0,575.0,16999.0
24,24,Samsung,Samsung Galaxy A23,Black,128.0,5000.0,50,50,17.0,8.0,4.0,575.0,19999.0
25,25,Samsung,Samsung Galaxy S20,Cloud Mint,128.0,4500.0,12,12,16.7,8.0,4.2,25154.0,37990.0
26,26,Samsung,Samsung Galaxy S20,Cloud Navy,128.0,4500.0,12,12,17.0,8.0,4.2,25154.0,31079.0
27,27,Samsung,Samsung Galaxy S20,Cloud Lavender,128.0,4500.0,12,12,16.5,8.0,4.2,25154.0,31079.0
28,28,Samsung,Samsung Galaxy M33,Emerald Brown,128.0,6000.0,50,8,16.2,6.0,4.1,18532.0,18999.0
29,29,Samsung,Samsung Galaxy M53,Emerald Brown,128.0,5000.0,108,108,16.4,6.0,3.9,7303.0,26499.0
30,30,Samsung,Samsung Galaxy M53,Emerald Brown,128.0,5000.0,108,108,16.5,8.0,3.9,7303.0,28499.0
31,31,Samsung,Samsung Galaxy M53,Ocean Blue,128.0,5000.0,108,108,16.6,8.0,3.9,7303.0,28499.0
32,32,Samsung,Samsung Galaxy M53,Mystique Green,128.0,5000.0,108,108,16.7,8.0,3.9,7303.0,28499.0
33,33,Samsung,Samsung Galaxy A32,Black,128.0,5000.0,64,5,17.0,6.0,4.0,1450.0,18600.0
34,34,Samsung,Samsung Galaxy A32,Blue,128.0,5000.0,64,5,17.0,6.0,4.0,1450.0,18989.0
35,35,Samsung,Samsung Galaxy A53,Black,128.0,5000.0,64,64,17.0,8.0,4.0,118.0,32990.0
36,36,Samsung,Samsung Galaxy A53,Orange,128.0,5000.0,64,64,16.5,8.0,4.0,118.0,32949.0
37,37,Samsung,Samsung Galaxy A53,Light Blue,128.0,5000.0,64,64,16.2,8.0,4.0,118.0,31999.0
38,38,Samsung,Samsung Galaxy A53,Light Blue,128.0,5000.0,64,64,16.6,6.0,4.0,118.0,30999.0
0,0,Poco,POCO M4 Pro,Cool Blue,64.0,5000.0,64,16,16.3,6.0,4.1,26.0,12799.0
1,1,Poco,POCO M4 Pro,Cool Blue,64.0,5000.0,64,16,16.3,6.0,4.1,26.0,12799.0
2,2,Poco,POCO X4 Pro,Laser Blue,128.0,5000.0,64,16,16.9,6.0,3.6,47.0,17899.0
3,3,Poco,POCO X4 Pro,Laser Black,128.0,5000.0,64,16,16.9,6.0,3.8,31.0,17999.0
4,4,Poco,POCO C31,Royal Blue,64.0,5000.0,13,5,16.5,4.0,3.8,193.0,8399.0
5,5,Poco,POCO C31,Shadow Gray,64.0,5000.0,13,5,16.5,4.0,3.8,91.0,8149.0
6,6,Poco,POCO M5,Power Black,128.0,5000.0,50,8,16.7,6.0,3.9,202.0,13499.0
0,0,Motorola,MOTOROLA e32s,Slate Gray,64.0,5000.0,16,8,16.5,4.0,3.3,52.0,10200.0
1,1,Motorola,MOTOROLA e32s,Misty Silver,64.0,5000.0,16,8,16.5,4.0,3.3,52.0,10250.0
2,2,Motorola,MOTOROLA e32s,Misty Silver,32.0,5000.0,16,8,16.5,3.0,3.2,40.0,7609.0
3,3,Motorola,MOTOROLA G60,Soft Silver,128.0,6000.0,108,32,17.2,6.0,3.9,32.0,16340.0
4,4,Motorola,MOTOROLA G60,Moonless,128.0,6000.0,108,32,17.2,6.0,4.2,248.0,17199.0
5,5,Motorola,MOTOROLA Moto g22,Iceberg Blue,64.0,5000.0,50,16,16.5,4.0,3.7,47.0,11100.0
6,6,Motorola,MOTOROLA g31,Meteorite Grey,64.0,5000.0,50,13,16.4,4.0,4.3,42.0,11625.0
7,7,Motorola,MOTOROLA g31,Meteorite Grey,128.0,5000.0,50,13,16.4,6.0,3.8,20.0,13449.0
8,8,Motorola,Moto E40,Carbon Gray,4.0,5000.0,48,8,16.5,64.0,4.0,114.0,10390.0
9,9,Motorola,Motorola g42,Atlantic Green,4.0,5000.0,50,16,16.4,64.0,1.0,10.0,13999.0
10,10,Motorola,MOTOROLA Moto g22,Cosmic Black,4.0,5000.0,50,16,16.5,64.0,3.6,84.0,10930.0
11,11,Motorola,Motorola E7 Power,Coral Red,64.0,5000.0,13,5,16.5,4.0,4.0,560.0,9799.0
12,12,Motorola,Motorola E7 Power,Coral Red,32.0,5000.0,13,5,16.5,2.0,4.0,560.0,7999.0
13,13,Motorola,MOTOROLA Edge 20,Frosted Emerald,128.0,4000.0,108,32,17.0,8.0,3.7,57.0,18490.0
14,14,Motorola,MOTOROLA G40 Fusion,Dynamic Gray,128.0,6000.0,64,16,17.2,6.0,3.8,113.0,13449.0
15,15,Motorola,MOTOROLA G40 Fusion,Dynamic Gray,64.0,6000.0,64,16,17.2,4.0,4.1,180.0,16500.0
16,16,Motorola,MOTOROLA G40 Fusion,Dynamic Gray,64.0,6000.0,64,16,17.2,4.0,4.1,180.0,16500.0
17,17,Motorola,MOTOROLA g31,Baby Blue,64.0,5000.0,50,13,16.4,4.0,3.9,58.0,11510.0
18,18,Motorola,Motorola g42,Metallic Rose,64.0,5000.0,50,16,16.4,4.0,4.1,169.0,14790.0
0,0,Oppo,OPPO A31,Mystery Black,128.0,4230.0,2,2,16.5,6.0,4.2,57609.0,11990.0
1,1,Oppo,OPPO A74 5G,Fantastic Purple,128.0,5000.0,48,48,16.5,6.0,4.2,31067.0,14990.0
2,2,Oppo,OPPO A74 5G,Fluid Black,128.0,5000.0,48,48,16.5,6.0,4.2,31067.0,14990.0
3,3,Oppo,OPPO K10 5G,Blue,128.0,5000.0,48,48,16.5,8.0,4.1,343.0,19765.0
4,4,Oppo,OPPO K10 5G,Midnight Black,128.0,5000.0,48,48,16.5,8.0,4.1,343.0,19650.0
5,5,Oppo,OPPO A15s,Fancy White,128.0,4230.0,13,13,16.5,4.0,4.3,9339.0,10990.0
6,6,Oppo,OPPO A15s,Dynamic Black,128.0,4230.0,13,13,16.5,4.0,4.3,9339.0,10990.0
7,7,Oppo,OPPO A15s,Fancy White,64.0,4230.0,13,13,16.5,4.0,4.3,9339.0,9990.0
8,8,Oppo,OPPO A15s,Rainbow Silver,64.0,4230.0,13,13,16.5,4.0,4.3,9339.0,9990.0
9,9,Oppo,OPPO F21s Pro,Dawnlight Gold,128.0,4500.0,64,64,16.3,8.0,3.9,108.0,25999.0
10,10,Oppo,OPPO F21 Pro,Sunset Orange,128.0,4500.0,64,64,16.3,8.0,4.1,1931.0,21999.0
11,11,Oppo,OPPO Reno7 Pro,Blue,256.0,4500.0,50,50,16.51,12.0,4.1,301.0,34000.0
12,12,Oppo,OPPO Reno7 Pro,Black,256.0,4500.0,50,50,16.51,12.0,4.1,301.0,33500.0
13,13,Oppo,OPPO A54,Black,64.0,5000.0,13,13,16.5,4.0,4.2,9461.0,10990.0
14,14,Oppo,Oppo A54,Gold,64.0,5000.0,13,13,16.5,4.0,4.2,9461.0,10990.0
15,15,Oppo,Oppo A54,Blue,64.0,5000.0,13,13,16.5,4.0,4.2,9461.0,10399.0
16,16,Oppo,Oppo A54,Blue,128.0,5000.0,13,13,16.5,4.0,4.2,9461.0,11490.0
17,17,Oppo,Oppo A54,Black,128.0,5000.0,13,13,16.5,4.0,4.2,9461.0,11490.0
18,18,Oppo,OPPO A77s,Black,128.0,5000.0,8,8,16.66,8.0,3.9,4210.0,17999.0
19,19,Oppo,OPPO A77s,Orange,128.0,5000.0,8,8,16.66,8.0,3.9,3360.0,17999.0
20,20,Oppo,OPPO F19 Pro,Space Silver,128.0,4310.0,48,48,16.3,8.0,4.2,4368.0,20100.0
21,21,Oppo,OPPO F19 Pro,['Space Silver'],128.0,4310.0,48,48,16.3,8.0,4.2,4368.0,20100.0
0,0,Oppo,OPPO K10,Black Carbon,128.0,5000.0,50,16,16.74,6.0,4.4,77222.0,13990.0
1,1,Oppo,OPPO K10,Blue Flame,128.0,5000.0,50,16,16.74,6.0,4.4,77222.0,13990.0
2,2,Oppo,OPPO K10,Black Carbon,128.0,5000.0,50,16,16.74,8.0,4.3,4812.0,16990.0
3,3,Oppo,OPPO F19,Space Silver,128.0,4310.0,48,16,16.33,8.0,4.3,18344.0,17990.0
4,4,Oppo,OPPO F19,Midnight Blue,128.0,5000.0,48,16,16.33,6.0,4.3,19142.0,14990.0
5,5,Oppo,OPPO K10,Midnight Black,128.0,5000.0,48,8,16.66,8.0,4.4,45063.0,17499.0
6,6,Oppo,OPPO K10,Ocean Blue,128.0,5000.0,48,8,16.66,8.0,4.4,45063.0,17499.0
7,7,Oppo,OPPO K10,Midnight Black,128.0,5000.0,48,8,16.66,6.0,4.4,10078.0,16499.0
8,8,Oppo,OPPO F19,Prism Black,128.0,5000.0,48,16,16.33,6.0,4.3,19142.0,14990.0
9,9,Oppo,OPPO A16E,Midnight Black,32.0,4230.0,13,5,16.56,3.0,4.3,451.0,8999.0
10,10,Oppo,OPPO Reno8,Shimmer Black,128.0,4500.0,50,32,16.33,8.0,4.3,28512.0,29999.0
11,11,Oppo,OPPO Reno8,Shimmer Gold,128.0,4500.0,50,32,16.33,8.0,4.3,28512.0,29999.0
12,12,Oppo,OPPO A16E,Blue,64.0,4230.0,13,5,16.56,4.0,4.2,1285.0,10989.0
13,13,Oppo,OPPO A15S,Fancy white,128.0,4230.0,13,13,16.56,4.0,4.3,5247.0,11165.0
14,14,Oppo,OPPO A16E,White,64.0,4230.0,13,5,16.56,4.0,4.2,1285.0,9999.0
15,15,Oppo,OPPO A17,Midnight Black,64.0,5000.0,50,5,16.66,4.0,4.4,808.0,12499.0
16,16,Oppo,OPPO A16E,White,32.0,4230.0,13,5,16.56,3.0,4.3,451.0,8999.0
17,17,Oppo,OPPO A54,Starry Blue,64.0,5000.0,13,16,16.54,4.0,4.4,10603.0,12499.0
18,18,Oppo,OPPO A54,Crystal Black,128.0,5000.0,13,16,16.54,4.0,4.4,10603.0,14990.0
19,19,Oppo,OPPO A16,Crystal Black,64.0,5000.0,13,8,16.56,4.0,4.3,3512.0,12990.0
20,20,Oppo,OPPO A16,Pearl Blue,64.0,5000.0,13,8,16.56,4.0,4.3,3512.0,12990.0
21,21,Oppo,OPPO A57,Glowing Green,64.0,5000.0,13,8,16.66,4.0,4.4,1789.0,13999.0
22,22,Oppo,OPPO A74,Fantastic Purple,128.0,5000.0,48,8,16.48,6.0,4.3,1035.0,17399.0
23,23,Oppo,OPPO A77s,Sunset Orange,128.0,5000.0,50,8,16.66,8.0,4.6,16.0,17999.0
24,24,Oppo,OPPO F17,Metallic White,128.0,4015.0,48,2,16.33,8.0,4.3,28266.0,17990.0
25,25,Oppo,OPPO A57,Glowing Black,64.0,5000.0,13,8,16.66,4.0,4.4,1789.0,13999.0
26,26,Oppo,OPPO A12,Deep Blue,32.0,4230.0,13,5,15.8,3.0,4.4,74712.0,9990.0
27,27,Oppo,OPPO F21SPRO,Orange,128.0,4500.0,64,2,16.33,8.0,4.3,6.0,21989.0
28,28,Oppo,OPPO A77,Sky Blue,64.0,5000.0,50,8,16.66,4.0,4.4,126.0,15499.0
29,29,Oppo,OPPO Reno8,Glazed Black,256.0,4500.0,50,32,17.02,12.0,4.4,1822.0,45999.0
30,30,Oppo,OPPO F17,Magic Blue,128.0,4015.0,48,2,16.33,8.0,4.3,28266.0,17990.0
31,31,Oppo,OPPO F21,Cosmic Black,128.0,4500.0,64,64,16.33,8.0,4.3,1564.0,21999.0
32,32,Oppo,OPPO A54,Moonlight Gold,128.0,5000.0,13,16,16.54,6.0,4.3,3939.0,15990.0
33,33,Oppo,OPPO A96,Starry Black,128.0,5000.0,50,16,16.74,8.0,4.3,831.0,17999.0
34,34,Oppo,OPPO Reno7,Startrails Blue,256.0,4500.0,64,32,16.33,8.0,4.2,15896.0,28999.0
35,35,Oppo,OPPO A55,Starry Black,64.0,5000.0,50,16,16.54,4.0,4.2,648.0,14490.0
36,36,Oppo,OPPO Reno7,Starry Black,256.0,4500.0,64,32,16.33,8.0,4.2,15896.0,28999.0
37,37,Oppo,OPPO A74,Fluid Black,128.0,5000.0,48,8,16.48,6.0,4.3,1716.0,18490.0
38,38,Oppo,OPPO Reno7,Starlight Black,256.0,4500.0,50,32,16.51,12.0,4.3,7070.0,34999.0
39,39,Oppo,OPPO A12,Black,32.0,4230.0,13,5,15.8,3.0,4.4,74712.0,9990.0
40,40,Oppo,OPPO A12,Blue,32.0,4230.0,13,5,15.8,3.0,4.4,74712.0,9990.0
41,41,Oppo,OPPO A12,Flowing Silver,32.0,4230.0,13,5,15.8,3.0,4.4,74712.0,9990.0
42,42,Oppo,OPPO F19,Fluid Black,128.0,4310.0,48,16,16.33,8.0,4.3,18344.0,17990.0
43,43,Oppo,OPPO A55,Mint Green,64.0,5000.0,50,16,16.54,4.0,4.2,648.0,14490.0
44,44,Oppo,OPPO A33,Moonlight Black,32.0,5000.0,13,8,16.51,3.0,4.4,50957.0,10490.0
45,45,Oppo,OPPO A54,Crystal Black,64.0,5000.0,13,16,16.54,4.0,4.4,10603.0,13990.0
46,46,Oppo,OPPO A77s,Starry Black,128.0,5000.0,50,8,16.66,8.0,4.6,16.0,17999.0
47,47,Oppo,OPPO A55,Rainbow Blue,64.0,5000.0,50,16,16.54,4.0,4.2,648.0,14490.0
48,48,Oppo,OPPO A16,Royal Gold,64.0,5000.0,13,8,16.56,4.0,4.3,3512.0,12990.0
49,49,Oppo,OPPO A53s,Crystal Blue,128.0,5000.0,13,8,16.56,6.0,4.4,68250.0,15990.0
50,50,Oppo,OPPO A16k,Blue,32.0,4230.0,13,5,16.56,3.0,4.3,606.0,9989.0
51,51,Oppo,OPPO F21,Rainbow Spectrum,128.0,4500.0,16,16,16.33,8.0,4.2,848.0,25999.0
52,52,Oppo,OPPO A53,Moonlight Black,128.0,5000.0,13,16,16.51,6.0,4.4,55480.0,13990.0
53,53,Oppo,OPPO Reno6,Aurora,128.0,4300.0,64,32,16.33,8.0,4.3,53232.0,29990.0
54,54,Oppo,OPPO A15S,Fancy White,64.0,4230.0,13,13,16.56,4.0,4.3,5247.0,11399.0
55,55,Oppo,OPPO F19,Crystal Silver,256.0,4310.0,48,16,16.33,8.0,4.3,9194.0,22990.0
56,56,Oppo,OPPO F9,Stellar Purple,64.0,3500.0,16,16,16.0,4.0,4.5,40554.0,21990.0
57,57,Oppo,OPPO A5s,Blue,64.0,4230.0,13,8,15.75,4.0,4.4,41794.0,15990.0
58,58,Oppo,OPPO F21S,Dawnlight Gold,128.0,4500.0,64,2,16.33,8.0,4.1,97.0,21989.0
59,59,Oppo,OPPO A5s,Blue,32.0,4230.0,13,8,15.75,2.0,4.3,33996.0,12990.0
60,60,Oppo,OPPO A5s,Green,64.0,4230.0,13,8,15.75,4.0,4.4,41794.0,15990.0
61,61,Oppo,OPPO A5s,Black,64.0,4230.0,13,8,15.75,4.0,4.4,41794.0,15990.0
62,62,Oppo,OPPO A5,Mirror Black,64.0,5000.0,12,8,16.51,3.0,4.4,3046.0,14990.0
63,63,Oppo,OPPO A5s,Red,32.0,4230.0,13,8,15.75,2.0,4.3,33996.0,12990.0
64,64,Oppo,OPPO R17,Emerald Green,128.0,3700.0,12,25,16.26,8.0,4.2,552.0,49990.0
65,65,Oppo,OPPO F21s,Starlight Black,128.0,4500.0,64,2,16.33,8.0,4.1,97.0,21979.0
66,66,Oppo,OPPO Find,Bordeaux Red,256.0,3730.0,16,25,16.26,8.0,4.6,449.0,60990.0
67,67,Oppo,OPPO A77,Sunset Orange,128.0,5000.0,50,8,16.66,4.0,4.4,126.0,15999.0
68,68,Oppo,OPPO K1,Astral Blue,64.0,3600.0,16,25,16.28,4.0,4.5,75275.0,18990.0
69,69,Oppo,OPPO K1,Piano Black,64.0,3600.0,16,25,16.28,6.0,4.4,1774.0,20990.0
70,70,Oppo,OPPO A5,Diamond Blue,64.0,4230.0,13,8,15.75,4.0,4.4,14378.0,15990.0
71,71,Oppo,OPPO A7,Glaring Gold,64.0,4230.0,13,16,15.75,4.0,4.4,20843.0,18990.0
72,72,Oppo,OPPO A7,Glaze Blue,64.0,4230.0,13,16,15.75,4.0,4.4,20843.0,18990.0
73,73,Oppo,OPPO F11,Aurora Green,128.0,4000.0,48,16,16.51,6.0,4.5,128.0,29990.0
74,74,Oppo,OPPO F11,Thunder Black,64.0,4000.0,48,16,16.51,6.0,4.5,128.0,28990.0
75,75,Oppo,OPPO F11,Aurora Green,64.0,4000.0,48,16,16.51,6.0,4.5,128.0,28990.0
76,76,Oppo,OPPO F11,Thunder Black,128.0,4000.0,48,16,16.51,6.0,4.5,128.0,29990.0
77,77,Oppo,OPPO F17,Dynamic Orange,128.0,4015.0,16,16,16.36,6.0,4.3,7178.0,17989.0
78,78,Oppo,OPPO Reno2,Lake Green,256.0,4000.0,48,16,16.51,6.0,4.5,81874.0,19990.0
79,79,Oppo,OPPO A9,Marine Green,128.0,5000.0,48,16,16.51,4.0,4.4,101.0,18990.0
80,80,Oppo,OPPO A9,Space Purple,128.0,5000.0,48,16,16.51,4.0,4.4,101.0,18990.0
81,81,Oppo,OPPO A9,Marine Green,128.0,5000.0,48,16,16.51,8.0,4.3,61836.0,21990.0
82,82,Oppo,OPPO A9,Space Purple,128.0,5000.0,48,16,16.51,8.0,4.3,61836.0,21990.0
83,83,Oppo,OPPO Reno2,Sky White,128.0,4000.0,48,16,16.51,8.0,4.4,4665.0,28990.0
84,84,Oppo,OPPO A9,Vanilla Mint,128.0,5000.0,48,16,16.56,8.0,4.3,61836.0,21990.0
85,85,Oppo,OPPO A9,Vanilla Mint,128.0,5000.0,48,16,16.56,4.0,4.4,101.0,18990.0
86,86,Oppo,OPPO F15,Lightening Black,128.0,4000.0,48,16,16.26,8.0,4.4,22604.0,22990.0
87,87,Oppo,OPPO F15,Blazing Blue,128.0,4000.0,48,16,16.26,4.0,4.4,41712.0,20990.0
88,88,Oppo,OPPO F15,Unicorn White,128.0,4000.0,48,16,16.26,4.0,4.4,41712.0,20990.0
89,89,Oppo,OPPO Reno3,Midnight Black,256.0,4025.0,64,44,16.26,8.0,4.4,4683.0,35990.0
0,0,Samsung,SAMSUNG Galaxy,Denim Blue,64.0,6000.0,48,13,16.26,4.0,4.3,97409.0,11999.0
1,1,Samsung,SAMSUNG Galaxy,Sea Green,512.0,6000.0,48,8,16.55,4.0,4.3,295.0,11499.0
2,2,Samsung,SAMSUNG GALAXY,Midnight Blue,128.0,6000.0,50,50,16.76,6.0,4.0,209.0,13690.0
3,3,Samsung,SAMSUNG Galaxy,Matte Aqua,128.0,5000.0,64,8,16.76,8.0,4.1,5228.0,22999.0
4,4,Samsung,SAMSUNG Galaxy,Deep Ocean,128.0,6000.0,50,50,16.76,6.0,4.2,6001.0,16373.0
5,5,Samsung,SAMSUNG Galaxy,Lavender,128.0,4500.0,12,32,16.26,8.0,4.4,25114.0,54999.0
6,6,Samsung,SAMSUNG Galaxy,Mystique Green,128.0,6000.0,50,50,16.74,6.0,4.2,6001.0,16959.0
7,7,Samsung,SAMSUNG Galaxy,Nightsky Green,64.0,6000.0,50,8,16.76,4.0,4.4,91390.0,11999.0
8,8,Samsung,SAMSUNG Galaxy,Sunrise Copper,64.0,6000.0,50,8,16.76,4.0,4.4,91390.0,11999.0
9,9,Samsung,SAMSUNG Galaxy,Waterfall Blue,64.0,6000.0,50,8,16.76,4.0,4.4,91390.0,11999.0
10,10,Samsung,SAMSUNG Galaxy,Copper Blush,128.0,5000.0,50,8,16.76,6.0,4.3,120.0,18499.0
11,11,Samsung,SAMSUNG Galaxy,Forest Green,128.0,5000.0,50,8,16.76,6.0,4.3,120.0,18499.0
12,12,Samsung,SAMSUNG Galaxy,Aqua Blue,128.0,5000.0,50,8,16.76,6.0,4.3,120.0,18499.0
13,13,Samsung,SAMSUNG Galaxy,Denim Blue,128.0,6000.0,48,13,16.26,6.0,4.3,61765.0,13999.0
14,14,Samsung,SAMSUNG Galaxy,Denim Black,64.0,6000.0,48,13,16.26,4.0,4.3,97409.0,11999.0
15,15,Samsung,SAMSUNG Galaxy,Denim Black,128.0,6000.0,48,13,16.26,6.0,4.3,61765.0,13999.0
16,16,Samsung,SAMSUNG Galaxy,Blue,128.0,5000.0,50,8,16.76,8.0,4.3,367.0,20999.0
17,17,Samsung,SAMSUNG Galaxy,White,128.0,4500.0,12,32,16.26,8.0,4.4,25114.0,54999.0
18,18,Samsung,SAMSUNG Galaxy,Copper Blush,128.0,5000.0,50,8,16.76,4.0,4.2,29004.0,17499.0
19,19,Samsung,SAMSUNG Galaxy,Olive,128.0,4500.0,12,32,16.26,8.0,4.4,25114.0,54999.0
20,20,Samsung,SAMSUNG Galaxy,Mystique Green,128.0,6000.0,50,50,16.76,8.0,4.2,555.0,19449.0
21,21,Samsung,SAMSUNG GALAXY,Stardust Brown,64.0,6000.0,50,50,16.76,4.0,4.2,977.0,10790.0
22,22,Samsung,SAMSUNG Galaxy,Emarld Brown,128.0,6000.0,50,50,16.76,8.0,4.2,555.0,19980.0
23,23,Samsung,SAMSUNG Galaxy,Mystique Green,128.0,6000.0,50,50,16.76,6.0,4.2,6001.0,16585.0
24,24,Samsung,SAMSUNG Galaxy,Graphite,128.0,4500.0,12,32,16.26,8.0,4.4,25114.0,54999.0
25,25,Samsung,SAMSUNG Galaxy,Deep Ocean,128.0,6000.0,50,50,16.76,6.0,4.2,6001.0,16992.0
26,26,Samsung,SAMSUNG Galaxy,Emarld Brown,128.0,6000.0,50,50,16.76,6.0,4.2,6001.0,16649.0
27,27,Samsung,SAMSUNG Galaxy,Mystique Green,128.0,6000.0,50,50,16.74,6.0,4.2,6001.0,16959.0
28,28,Samsung,SAMSUNG Galaxy,Awesome Black,128.0,5000.0,64,20,16.26,8.0,4.1,249.0,18989.0
29,29,Samsung,SAMSUNG Galaxy,Forest Green,128.0,5000.0,50,8,16.76,4.0,4.2,29004.0,17499.0
30,30,Samsung,SAMSUNG GALAXY,Midnight Blue,64.0,6000.0,50,50,16.76,4.0,4.2,977.0,10480.0
31,31,Samsung,SAMSUNG Galaxy,Nightsky Green,128.0,6000.0,50,8,16.76,4.0,4.4,91390.0,12999.0
32,32,Samsung,SAMSUNG Galaxy,Sky Blue,128.0,5000.0,48,13,16.51,8.0,4.2,1266.0,22989.0
33,33,Samsung,SAMSUNG Galaxy,Blue,128.0,5000.0,48,8,16.51,6.0,4.1,1271.0,13700.0
34,34,Samsung,SAMSUNG Galaxy,Black,128.0,5000.0,50,8,16.76,8.0,4.3,367.0,20999.0
35,35,Samsung,SAMSUNG Galaxy,Awesome Blue,128.0,5000.0,64,32,16.51,8.0,4.1,1108.0,35999.0
36,36,Samsung,SAMSUNG Galaxy,Awesome Black,128.0,5000.0,48,13,16.26,6.0,4.1,1230.0,28499.0
37,37,Samsung,SAMSUNG Galaxy,Phantom White,128.0,4500.0,50,10,16.76,8.0,4.5,1584.0,84999.0
38,38,Samsung,SAMSUNG Galaxy,Black,128.0,5000.0,50,8,16.76,6.0,4.2,629.0,19499.0
39,39,Samsung,SAMSUNG M32,Slate Black,128.0,5000.0,48,13,16.51,6.0,4.1,3762.0,18989.0
40,40,Samsung,SAMSUNG Galaxy,White,32.0,5000.0,13,5,16.51,3.0,4.0,299.0,11499.0
41,41,Samsung,SAMSUNG Galaxy,Celestial Black,512.0,6000.0,48,8,16.55,4.0,4.3,295.0,11499.0
42,42,Samsung,SAMSUNG M53,Mystique Green,128.0,5000.0,108,108,17.02,6.0,4.2,230.0,25445.0
43,43,Samsung,SAMSUNG Galaxy,Black,64.0,5000.0,48,5,16.51,4.0,4.2,151.0,11499.0
44,44,Samsung,SAMSUNG Galaxy,Awesome Blue,128.0,5000.0,48,13,16.26,6.0,4.1,1230.0,28499.0
45,45,Samsung,SAMSUNG Galaxy,Sky Blue,512.0,6000.0,48,8,16.55,4.0,4.3,295.0,11499.0
46,46,Samsung,SAMSUNG GALAXY,Midnight Blue,128.0,6000.0,50,50,16.76,6.0,4.0,209.0,13490.0
47,47,Samsung,SAMSUNG Galaxy,Black,128.0,6000.0,64,20,16.26,6.0,4.2,3877.0,14990.0
48,48,Samsung,SAMSUNG Galaxy,Light Blue,128.0,6000.0,64,20,16.26,6.0,4.2,3877.0,14533.0
49,49,Samsung,SAMSUNG Galaxy,Awesome Gray,128.0,5000.0,108,32,17.02,8.0,4.2,1129.0,41999.0
50,50,Samsung,SAMSUNG Galaxy,Awesome Mint,128.0,5000.0,108,32,17.02,8.0,4.2,1129.0,41999.0
51,51,Samsung,SAMSUNG Galaxy,Phantom Black,128.0,4500.0,50,10,16.76,8.0,4.5,1584.0,84999.0
52,52,Samsung,SAMSUNG Galaxy,Blue,32.0,5000.0,13,5,16.51,3.0,4.0,299.0,11499.0
53,53,Samsung,SAMSUNG GALAXY,Midnight Blue,64.0,5000.0,50,50,16.51,4.0,3.7,113.0,14598.0
54,54,Samsung,SAMSUNG Galaxy,Peach,128.0,5000.0,50,8,16.76,6.0,4.2,629.0,19499.0
55,55,Samsung,SAMSUNG Galaxy,Black,64.0,5000.0,50,8,16.76,4.0,4.1,560.0,14499.0
56,56,Samsung,SAMSUNG Galaxy,Blue,32.0,5000.0,48,5,16.51,3.0,4.2,367.0,9999.0
57,57,Samsung,SAMSUNG Galaxy,Awesome Black,128.0,4500.0,64,32,16.51,6.0,4.3,2087.0,24999.0
58,58,Samsung,SAMSUNG Galaxy,Awesome Violet,128.0,4500.0,64,32,16.51,6.0,4.2,945.0,29490.0
59,59,Samsung,SAMSUNG Galaxy,Gold,256.0,2600.0,8,5,12.7,2.0,4.3,7665.0,7450.0
60,60,Samsung,SAMSUNG Galaxy,Green,64.0,5000.0,50,8,16.76,4.0,4.1,560.0,14499.0
61,61,Samsung,SAMSUNG Galaxy,Phantom White,128.0,3700.0,50,10,15.49,8.0,4.4,35.0,66990.0
62,62,Samsung,SAMSUNG Galaxy,White,64.0,6000.0,48,48,16.51,4.0,4.2,16328.0,11689.0
63,63,Samsung,SAMSUNG Galaxy,Awesome Peach,128.0,5000.0,64,32,16.51,8.0,4.1,1108.0,33499.0
64,64,Samsung,SAMSUNG Galaxy,Awesome White,128.0,5000.0,64,32,16.51,8.0,4.1,1108.0,33499.0
65,65,Samsung,SAMSUNG Galaxy,Mint,128.0,5000.0,48,8,16.76,6.0,4.1,2372.0,17599.0
66,66,Samsung,SAMSUNG Galaxy,Black,128.0,6000.0,48,48,16.51,6.0,4.2,7461.0,13989.0
67,67,Samsung,SAMSUNG Galaxy,Awesome Blue,128.0,5000.0,64,20,16.26,8.0,4.1,249.0,18989.0
68,68,Samsung,SAMSUNG Galaxy,Black,128.0,5000.0,50,8,16.76,6.0,4.1,215.0,16999.0
69,69,Samsung,SAMSUNG Galaxy,Awesome Black,128.0,5000.0,64,64,16.26,6.0,4.1,2507.0,18490.0
70,70,Samsung,SAMSUNG Galaxy,Peach,128.0,5000.0,50,8,16.76,6.0,4.1,215.0,16999.0
71,71,Samsung,SAMSUNG GALAXY,Aqua Green,128.0,6000.0,50,50,16.76,6.0,4.0,209.0,13492.0
72,72,Samsung,SAMSUNG Galaxy,Black,32.0,5000.0,48,5,16.51,3.0,4.2,367.0,9499.0
73,73,Samsung,SAMSUNG M21,Charcoal Black,64.0,6000.0,48,48,16.26,4.0,4.2,1358.0,12889.0
74,74,Samsung,SAMSUNG GALAXY,Aqua Green,128.0,6000.0,50,50,16.76,6.0,4.0,209.0,13492.0
75,75,Samsung,SAMSUNG Galaxy,Awesome Mint,128.0,5000.0,108,32,17.02,8.0,4.2,1129.0,41999.0
76,76,Samsung,SAMSUNG Galaxy,Phantom Black,256.0,3700.0,50,10,15.49,8.0,4.4,35.0,69990.0
77,77,Samsung,SAMSUNG Galaxy,Blue,128.0,5000.0,50,8,16.76,6.0,4.1,215.0,16999.0
78,78,Samsung,SAMSUNG Galaxy,Peach,64.0,5000.0,50,8,16.76,4.0,4.1,560.0,14499.0
79,79,Samsung,SAMSUNG M53,Emerald Brown,128.0,5000.0,108,108,17.02,6.0,4.2,230.0,25500.0
80,80,Samsung,SAMSUNG Galaxy,Laser Green,128.0,7000.0,64,32,17.02,6.0,4.2,91417.0,29999.0
0,0,Realme,realme C30s,Stripe Blue,32.0,5000.0,8,5,16.51,2.0,4.4,871.0,7499.0
1,1,Realme,realme C35,Glowing Black,128.0,5000.0,50,8,16.76,4.0,4.4,147.0,12999.0
2,2,Realme,realme C35,Glowing Green,64.0,5000.0,50,8,16.76,4.0,4.4,147.0,11999.0
3,3,Realme,realme 9i,Rocking Black,128.0,5000.0,50,8,16.76,6.0,4.3,3611.0,16999.0
4,4,Realme,realme Narzo,Speed Blue,256.0,5000.0,50,16,16.76,6.0,4.4,5877.0,15499.0
5,5,Realme,realme Narzo,Speed Blue,256.0,5000.0,50,16,16.76,4.0,4.5,14026.0,12999.0
6,6,Realme,realme C35,Glowing Black,64.0,5000.0,50,8,16.76,4.0,4.4,147.0,11999.0
7,7,Realme,realme Narzo,Racing Silver,128.0,5000.0,48,16,16.51,6.0,4.3,83178.0,16999.0
8,8,Realme,realme Narzo,Speed Black,256.0,5000.0,50,16,16.76,6.0,4.4,5877.0,15499.0
9,9,Realme,realme C33,Night Sea,64.0,5000.0,50,5,16.51,4.0,4.5,40321.0,9999.0
10,10,Realme,realme GT,Steel Black,128.0,5000.0,50,32,17.02,8.0,4.2,2490.0,49999.0
11,11,Realme,realme C33,Aqua Blue,64.0,5000.0,50,5,16.51,4.0,4.5,40321.0,9999.0
12,12,Realme,realme C33,Sandy Gold,64.0,5000.0,50,5,16.51,4.0,4.5,40321.0,9999.0
13,13,Realme,realme 9,Meteor Black,256.0,5000.0,108,16,16.26,8.0,4.4,15580.0,17999.0
14,14,Realme,realme 9,Stargaze White,256.0,5000.0,108,16,16.26,8.0,4.4,15580.0,17999.0
15,15,Realme,realme 9,Sunburst Gold,256.0,5000.0,108,16,16.26,8.0,4.4,15580.0,17999.0
16,16,Realme,realme C30s,Stripe Black,32.0,5000.0,8,5,16.51,2.0,4.4,871.0,7499.0
17,17,Realme,realme C33,Aqua Blue,32.0,5000.0,50,5,16.51,3.0,4.5,13450.0,8999.0
18,18,Realme,realme 9i,Soulful Blue,64.0,5000.0,50,8,16.76,4.0,4.5,32349.0,14999.0
19,19,Realme,realme 9i,Soulful Blue,64.0,5000.0,50,8,16.76,4.0,4.5,32349.0,14999.0
20,20,Realme,realme 9i,Metallica Gold,64.0,5000.0,50,8,16.76,4.0,4.5,32349.0,14999.0
21,21,Realme,realme 9i,Rocking Black,64.0,5000.0,50,8,16.76,4.0,4.5,32349.0,14999.0
22,22,Realme,realme 9,Meteor Black,256.0,5000.0,108,16,16.26,6.0,4.4,46338.0,16999.0
23,23,Realme,realme C30,Bamboo Green,32.0,5000.0,8,5,16.51,3.0,4.1,26797.0,7999.0
24,24,Realme,realme C30,Denim Black,32.0,5000.0,8,5,16.51,3.0,4.1,26797.0,7999.0
25,25,Realme,realme C35,Glowing Black,128.0,5000.0,50,8,16.76,6.0,4.2,10294.0,13999.0
26,26,Realme,realme C30,Lake Blue,32.0,5000.0,8,5,16.51,2.0,4.3,54354.0,6999.0
27,27,Realme,realme C30,Denim Black,32.0,5000.0,8,5,16.51,2.0,4.3,54354.0,6999.0
28,28,Realme,realme C30,Bamboo Green,32.0,5000.0,8,5,16.51,2.0,4.3,54354.0,6999.0
29,29,Realme,realme C31,Dark Green,64.0,5000.0,13,5,16.56,4.0,4.4,49314.0,9999.0
30,30,Realme,realme C31,Light Silver,64.0,5000.0,13,5,16.56,4.0,4.4,49314.0,9999.0
31,31,Realme,realme 9i,Metallica Gold,128.0,5000.0,50,8,16.76,6.0,4.3,3611.0,16999.0
32,32,Realme,realme 9,Supersonic Blue,128.0,5000.0,48,16,16.51,6.0,4.4,39584.0,17499.0
33,33,Realme,realme C31,Dark Green,32.0,5000.0,13,5,16.56,3.0,4.5,43647.0,9299.0
34,34,Realme,realme C31,Light Silver,32.0,5000.0,13,5,16.56,3.0,4.5,43647.0,9299.0
35,35,Realme,realme 9,Meteor Black,64.0,5000.0,48,16,16.51,4.0,4.5,34766.0,15999.0
36,36,Realme,realme 9,Stargaze White,128.0,5000.0,48,16,16.51,6.0,4.4,39584.0,17499.0
37,37,Realme,realme 9,Meteor Black,128.0,5000.0,48,16,16.51,6.0,4.4,39584.0,17499.0
38,38,Realme,realme 9,Stargaze White,64.0,5000.0,48,16,16.51,4.0,4.5,34766.0,15999.0
39,39,Realme,realme 9,Aurora Green,256.0,5000.0,64,16,16.76,6.0,4.4,73793.0,18999.0
40,40,Realme,realme 9,Sunrise Blue,256.0,5000.0,64,16,16.76,8.0,4.3,12752.0,20999.0
41,41,Realme,realme 9,Midnight Black,256.0,5000.0,64,16,16.76,6.0,4.4,73793.0,18999.0
42,42,Realme,realme C30s,Stripe Black,64.0,5000.0,8,5,16.51,4.0,4.2,1077.0,8999.0
43,43,Realme,realme C30s,Stripe Blue,64.0,5000.0,8,5,16.51,4.0,4.2,1077.0,8999.0
44,44,Realme,realme C35,Glowing Black,128.0,5000.0,50,8,16.76,4.0,4.4,147.0,12999.0
45,45,Realme,realme 9,Azure Glow,128.0,5000.0,48,16,16.76,8.0,4.3,1973.0,22999.0
46,46,Realme,realme 9,Starry Glow,128.0,5000.0,48,16,16.76,8.0,4.3,1973.0,22999.0
47,47,Realme,realme 9,Starry Glow,128.0,5000.0,48,16,16.76,6.0,4.4,22657.0,19999.0
48,48,Realme,realme C20,Cool Blue,256.0,5000.0,8,5,16.51,2.0,4.4,294.0,7499.0
49,49,Realme,realme GT,Shade Black,128.0,5000.0,64,16,16.81,6.0,4.3,9486.0,29999.0
50,50,Realme,realme GT,Drifting White,128.0,5000.0,64,16,16.81,8.0,4.3,5299.0,31999.0
51,51,Realme,realme GT,Dash Yellow,128.0,5000.0,64,16,16.81,8.0,4.3,5299.0,31999.0
52,52,Realme,realme GT,Drifting White,128.0,5000.0,64,16,16.81,6.0,4.3,9486.0,29999.0
53,53,Realme,realme GT,Dash Yellow,256.0,5000.0,64,16,16.81,8.0,4.3,5299.0,33999.0
54,54,Realme,realme GT,Shade Black,256.0,5000.0,64,16,16.81,8.0,4.3,5299.0,33999.0
55,55,Realme,realme GT,Drifting White,256.0,5000.0,64,16,16.81,8.0,4.3,5299.0,33999.0
56,56,Realme,realme GT,Shade Black,128.0,5000.0,64,16,16.81,8.0,4.3,5299.0,31999.0
57,57,Realme,realme GT,Dash Yellow,128.0,5000.0,64,16,16.81,8.0,4.3,5299.0,31999.0
58,58,Realme,realme C35,Glowing Green,128.0,5000.0,50,8,16.76,6.0,4.2,10294.0,13999.0
59,59,Realme,realme 9i,Prism Blue,128.0,5000.0,50,16,16.76,4.0,4.5,105.0,14999.0
60,60,Realme,realme 9,Azure Glow,128.0,5000.0,48,16,16.76,6.0,4.4,22657.0,19999.0
61,61,Realme,Realme C30,Lake Blue,32.0,5000.0,8,5,16.51,2.0,4.3,54354.0,6399.0
62,62,Realme,realme C11,Cool Blue,256.0,5000.0,8,5,16.51,4.0,4.3,202.0,8999.0
63,63,Realme,realme C11,Cool Grey,256.0,5000.0,8,5,16.51,4.0,4.3,202.0,8999.0
64,64,Realme,realme 9,Midnight Black,256.0,5000.0,64,16,16.76,8.0,4.3,12752.0,20999.0
65,65,Realme,realme 9,Aurora Green,256.0,5000.0,64,16,16.76,8.0,4.3,12752.0,20999.0
66,66,Realme,realme C30,Lake Blue,32.0,5000.0,8,5,16.51,3.0,4.1,26797.0,7999.0
67,67,Realme,realme 9,Supersonic Black,128.0,5000.0,48,16,16.51,6.0,4.4,39584.0,17499.0
68,68,Realme,realme C30,Bamboo Green,32.0,5000.0,8,5,16.51,3.0,4.1,26797.0,7999.0
69,69,Realme,realme C30,Denim Black,32.0,5000.0,8,5,16.51,3.0,4.1,26797.0,7999.0
70,70,Realme,realme C11,Cool Blue,256.0,5000.0,8,5,16.51,2.0,4.4,231.0,7499.0
71,71,Realme,realme 8,Supersonic Blue,64.0,5000.0,48,16,16.51,4.0,4.3,75406.0,15499.0
72,72,Realme,realme C21,Cross Black,256.0,5000.0,13,5,16.51,4.0,4.4,146.0,10499.0
73,73,Realme,realme Narzo,Racing Blue,256.0,5000.0,48,16,16.51,6.0,4.3,75615.0,14499.0
74,74,Realme,realme C21Y,Cross Black,256.0,5000.0,13,5,16.51,4.0,4.5,252.0,10499.0
75,75,Realme,realme Narzo,Racing Silver,256.0,5000.0,48,16,16.51,6.0,4.3,75615.0,14499.0
76,76,Realme,realme Narzo,Racing Silver,256.0,5000.0,48,16,16.51,6.0,4.3,75615.0,15499.0
77,77,Realme,realme 9,Aurora Green,128.0,4500.0,50,16,16.26,6.0,4.4,29502.0,24999.0
78,78,Realme,realme GT,Shade Black,128.0,5000.0,64,16,16.81,6.0,4.3,9486.0,29999.0
79,79,Realme,realme GT,Drifting White,128.0,5000.0,64,16,16.81,8.0,4.3,5299.0,31999.0
80,80,Realme,realme GT,Dash Yellow,256.0,5000.0,64,16,16.81,8.0,4.3,5299.0,33999.0
81,81,Realme,realme GT,Shade Black,256.0,5000.0,64,16,16.81,8.0,4.3,5299.0,33999.0
0,0,Redmi,REDMI 9i,Metallic Blue,512.0,5000.0,13,5,16.59,4.0,4.3,183.0,7999.0
1,1,Redmi,REDMI 10,Caribbean Green,64.0,6000.0,50,5,17.02,4.0,4.3,141.0,9999.0
2,2,Redmi,REDMI 10,Pacific Blue,64.0,6000.0,50,5,17.02,4.0,4.3,141.0,9999.0
3,3,Redmi,REDMI 10,Midnight Black,64.0,6000.0,50,5,17.02,4.0,4.3,141.0,9999.0
4,4,Redmi,REDMI 9i,Coral Green,512.0,5000.0,13,5,16.59,4.0,4.3,183.0,7999.0
5,5,Redmi,REDMI 10,Phantom Black,512.0,6000.0,50,8,16.51,6.0,4.1,45.0,12999.0
6,6,Redmi,REDMI 9,Coral Green,512.0,5000.0,13,5,16.59,4.0,4.2,7087.0,8483.0
7,7,Redmi,REDMI 9,Coral Green,512.0,5000.0,13,5,16.59,4.0,4.2,7087.0,8483.0
8,8,Redmi,REDMI 9i,Carbon Black,512.0,5000.0,13,5,16.59,4.0,4.3,183.0,7999.0
9,9,Redmi,REDMI 9,Metallic Purple,512.0,5000.0,13,5,16.59,4.0,4.2,7087.0,8449.0
10,10,Redmi,REDMI 9,Carbon Black,512.0,5000.0,13,5,16.59,4.0,4.2,7087.0,8114.0
11,11,Redmi,REDMI 10,Midnight Black,128.0,6000.0,50,5,17.02,6.0,4.2,18768.0,11999.0
12,12,Redmi,Redmi 9A,Metallic Blue,512.0,5000.0,13,5,16.59,2.0,4.2,22510.0,6879.0
13,13,Redmi,Redmi 9A,Carbon Black,512.0,5000.0,13,5,16.59,2.0,4.2,22510.0,6895.0
14,14,Redmi,REDMI 10,Astral White,512.0,6000.0,50,8,16.51,6.0,4.2,7308.0,12999.0
15,15,Redmi,REDMI Note,Vintage Bronze,512.0,5020.0,64,16,16.94,6.0,4.3,40233.0,15999.0
16,16,Redmi,REDMI 10,Pacific Blue,128.0,6000.0,50,5,17.02,6.0,4.2,18768.0,11999.0
17,17,Redmi,REDMI Note,Thunder Purple,512.0,5000.0,64,13,16.33,6.0,4.3,19967.0,12999.0
18,18,Redmi,REDMI Note,Bifrost Blue,512.0,5000.0,64,13,16.33,6.0,4.3,19967.0,12999.0
19,19,Redmi,REDMI 10,Caribbean Green,128.0,6000.0,50,5,17.02,6.0,4.2,18768.0,11999.0
20,20,Redmi,REDMI Note,Space Black,512.0,5000.0,64,13,16.33,6.0,4.3,19967.0,12999.0
21,21,Redmi,REDMI 10A,Charcoal Black,64.0,5000.0,13,13,16.59,4.0,4.2,3940.0,8688.0
22,22,Redmi,REDMI Note,Cosmic White,512.0,5000.0,64,13,16.33,6.0,4.3,19967.0,12999.0
23,23,Redmi,REDMI 9i,Midnight Black,512.0,5000.0,13,5,16.59,4.0,4.3,573.0,8999.0
24,24,Redmi,REDMI 9,Carbon Black,512.0,5000.0,13,5,16.59,6.0,4.2,3961.0,10499.0
25,25,Redmi,REDMI 10A,Slate grey,64.0,5000.0,13,13,16.59,4.0,4.1,5167.0,8663.0
26,26,Redmi,REDMI 10A,Charcoal Black,32.0,5000.0,13,13,16.59,3.0,4.1,1139.0,7789.0
27,27,Redmi,REDMI 10A,Sea Blue,64.0,5000.0,13,13,16.59,4.0,4.2,3940.0,8603.0
28,28,Redmi,REDMI Note,Vintage Bronze,512.0,5020.0,108,16,16.94,6.0,4.3,15462.0,17999.0
29,29,Redmi,REDMI Note,Dark Nebula,512.0,5020.0,108,16,16.94,6.0,4.3,15462.0,17999.0
30,30,Redmi,REDMI 9,Carbon Black,64.0,5000.0,13,13,16.59,4.0,4.2,7087.0,8690.0
31,31,Redmi,REDMI 9,Metallic Purple,512.0,5000.0,13,5,16.59,6.0,4.2,3961.0,10499.0
32,32,Redmi,REDMI 10A,Charcoal Black,64.0,5000.0,13,13,16.59,4.0,4.2,3940.0,8524.0
33,33,Redmi,REDMI 9,Coral Green,512.0,5000.0,13,5,16.59,6.0,4.2,3961.0,10499.0
34,34,Redmi,REDMI 10,Bifrost Blue,512.0,6000.0,50,8,16.51,4.0,4.2,11186.0,12499.0
35,35,Redmi,REDMI 9i,Sea Blue,512.0,5000.0,13,5,16.59,4.0,4.3,573.0,8999.0
36,36,Redmi,REDMI Note,Dark Night,512.0,5020.0,108,16,16.94,6.0,4.3,15462.0,17999.0
37,37,Redmi,REDMI Note,Aqua Green,512.0,5000.0,48,13,16.33,4.0,4.3,13251.0,12990.0
38,38,Redmi,Redmi 9A,Carbon Black,512.0,5000.0,13,5,16.59,2.0,4.2,22510.0,6729.0
39,39,Redmi,Redmi 9A,Coral Green,512.0,5000.0,13,5,16.59,2.0,4.2,22510.0,6669.0
40,40,Redmi,REDMI A1,Light Blue,32.0,5000.0,5,8,16.56,2.0,4.2,639.0,6796.0
41,41,Redmi,REDMI 10,Phantom Black,64.0,6000.0,50,50,16.51,4.0,4.2,2678.0,11984.0
42,42,Redmi,REDMI Note,Horizon Blue,64.0,50.0,50,50,16.26,4.0,4.3,83.0,12999.0
43,43,Redmi,REDMI 10,Bifrost Blue,512.0,6000.0,50,8,16.51,6.0,4.2,7308.0,16999.0
44,44,Redmi,REDMI Note,Metallic Blue,64.0,5000.0,48,8,16.66,4.0,4.3,42543.0,14999.0
45,45,Redmi,REDMI Note,Chromium White,64.0,5000.0,48,8,16.66,4.0,4.3,42543.0,14999.0
46,46,Redmi,REDMI Note,Mint Green,128.0,5000.0,48,8,16.66,6.0,4.2,29121.0,16999.0
47,47,Redmi,REDMI NOTE,Aurora Blue,64.0,5020.0,48,48,16.94,4.0,4.3,2057.0,13250.0
48,48,Redmi,REDMI NOTE,Aurora Blue,128.0,5020.0,48,48,16.94,6.0,4.3,804.0,15989.0
49,49,Redmi,REDMI Note,Horizon Blue,128.0,5000.0,108,108,16.33,8.0,4.1,650.0,16249.0
50,50,Redmi,REDMI 10A,SLATE GREY,128.0,5000.0,13,13,16.59,6.0,3.9,335.0,11345.0
51,51,Redmi,REDMI 10A,SEA BLUE,128.0,5000.0,13,13,16.59,6.0,3.9,335.0,10989.0
52,52,Redmi,REDMI Note,Graphite Black,64.0,5000.0,48,8,16.66,4.0,4.3,42543.0,14999.0
53,53,Redmi,REDMI A1,Light Blue,512.0,5000.0,8,5,16.56,3.0,4.0,145.0,8499.0
54,54,Redmi,REDMI A1,Light Blue,512.0,5000.0,8,5,16.56,3.0,4.0,145.0,8499.0
55,55,Redmi,REDMI 9,Space Blue,512.0,5020.0,13,8,16.59,4.0,4.4,226.0,11490.0
56,56,Redmi,REDMI Note,Mint Green,64.0,5000.0,48,8,16.66,4.0,4.3,42543.0,14999.0
57,57,Redmi,Redmi Note,Starburst White,128.0,5000.0,50,50,16.33,6.0,4.2,7929.0,15958.0
58,58,Redmi,Redmi Note,Space Black,128.0,5000.0,50,50,16.33,6.0,4.2,7929.0,15518.0
59,59,Redmi,REDMI K50i,Stealth Black,128.0,5080.0,64,64,16.76,6.0,4.2,607.0,23990.0
60,60,Redmi,REDMI 10,Astral White,512.0,6000.0,50,8,16.51,4.0,4.2,11186.0,11499.0
61,61,Redmi,REDMI A1,Light Green,512.0,5000.0,8,5,16.56,2.0,4.2,332.0,7499.0
62,62,Redmi,REDMI A1,Black,512.0,5000.0,8,5,16.56,3.0,4.0,145.0,8499.0
63,63,Redmi,REDMI Note,Space Black,128.0,5000.0,50,50,16.33,8.0,4.1,650.0,16210.0
64,64,Redmi,REDMI 9,Sunrise Flare,512.0,5020.0,13,8,16.59,4.0,4.4,226.0,11490.0
65,65,Redmi,REDMI Note,Horizon Blue,128.0,5000.0,108,108,16.33,6.0,4.2,1782.0,15653.0
66,66,Redmi,REDMI Note,Polar White,128.0,5000.0,108,108,16.33,6.0,4.2,1782.0,16489.0
67,67,Redmi,REDMI Note,Polar White,128.0,5000.0,108,108,16.33,8.0,4.1,650.0,16364.0
68,68,Redmi,REDMI Note,Chromium White,64.0,5000.0,48,8,16.66,4.0,4.3,42543.0,14999.0
69,69,Redmi,Redmi Note,Starburst White,64.0,5000.0,50,50,16.33,4.0,4.2,8229.0,13097.0
70,70,Redmi,REDMI Note,Stardust White,128.0,5000.0,50,50,16.76,6.0,4.2,4932.0,16270.0
71,71,Redmi,REDMI Note,Deep Sea,512.0,5000.0,64,13,16.33,6.0,4.4,80647.0,14999.0
72,72,Redmi,REDMI Note,Deep Sea,512.0,5000.0,64,13,16.33,6.0,4.4,80647.0,14999.0
73,73,Redmi,REDMI Note,Shadow Black,512.0,5020.0,48,13,16.59,4.0,4.3,122.0,11999.0
74,74,Redmi,REDMI Note,Horizon Blue,128.0,5000.0,108,108,16.33,8.0,4.1,650.0,16450.0
75,75,Redmi,REDMI 10,Phantom Black,64.0,6000.0,50,50,16.51,4.0,4.2,2678.0,11982.0
76,76,Redmi,Redmi Note,Horizon Blue,128.0,5000.0,50,50,16.33,6.0,4.2,7929.0,15889.0
77,77,Redmi,Redmi Note,Starburst White,64.0,5000.0,50,50,16.33,4.0,4.2,8229.0,13999.0
78,78,Redmi,REDMI Note,Glacier White,128.0,5020.0,48,48,16.94,6.0,4.3,804.0,14850.0
79,79,Redmi,REDMI 11,FlashyBlack,128.0,5000.0,50,50,16.71,6.0,5.0,3.0,16390.0
0,0,Vivo,vivo T1,Starlight Black,128.0,5000.0,50,16,16.71,6.0,4.4,142.0,16990.0
1,1,Vivo,vivo T1,Starry Sky,128.0,5000.0,50,16,16.36,4.0,4.4,63308.0,14499.0
2,2,Vivo,vivo T1,Midnight Galaxy,128.0,5000.0,50,16,16.36,4.0,4.4,63308.0,14499.0
3,3,Vivo,vivo T1,Rainbow Fantasy,128.0,5000.0,50,16,16.71,4.0,4.3,52996.0,15990.0
4,4,Vivo,vivo T1,Rainbow Fantasy,128.0,5000.0,50,16,16.71,6.0,4.4,142.0,16990.0
5,5,Vivo,vivo T1,Starry Sky,128.0,5000.0,50,16,16.36,6.0,4.4,36292.0,15999.0
6,6,Vivo,vivo T1,Ice Dawn,128.0,5000.0,50,16,16.36,6.0,4.4,36292.0,15999.0
7,7,Vivo,vivo T1,Starlight Black,128.0,5000.0,50,16,16.71,4.0,4.3,52996.0,15990.0
8,8,Vivo,vivo T1,Rainbow Fantasy,128.0,5000.0,50,16,16.71,8.0,4.3,13169.0,19990.0
9,9,Vivo,vivo T1,Starlight Black,128.0,5000.0,50,16,16.71,8.0,4.3,13169.0,19990.0
10,10,Vivo,vivo T1,Silky White,128.0,5000.0,50,16,16.71,4.0,4.3,52996.0,15990.0
11,11,Vivo,vivo T1X,Space Blue,64.0,5000.0,50,8,16.71,4.0,4.5,54626.0,11999.0
12,12,Vivo,vivo T1X,Gravity Black,64.0,5000.0,50,8,16.71,4.0,4.5,54626.0,11999.0
13,13,Vivo,vivo T1,Midnight Galaxy,128.0,5000.0,50,16,16.36,8.0,4.3,4383.0,17999.0
14,14,Vivo,vivo T1,Midnight Galaxy,128.0,5000.0,50,16,16.36,6.0,4.4,36292.0,15999.0
15,15,Vivo,vivo T1X,Space Blue,128.0,5000.0,50,8,16.71,4.0,4.5,54626.0,12999.0
16,16,Vivo,vivo T1X,Space Blue,128.0,5000.0,50,8,16.71,6.0,4.4,2695.0,14999.0
17,17,Vivo,vivo T1,Starry Sky,128.0,5000.0,50,16,16.36,8.0,4.3,4383.0,17999.0
18,18,Vivo,vivo T1X,Gravity Black,128.0,5000.0,50,8,16.71,6.0,4.4,2695.0,14999.0
19,19,Vivo,vivo Y16,Drizzling Gold,64.0,5000.0,13,5,16.54,3.0,4.2,243.0,10999.0
20,20,Vivo,vivo T1,Turbo Cyan,128.0,4700.0,64,16,16.36,8.0,4.3,12861.0,24999.0
21,21,Vivo,vivo Y21G,Midnight Blue,64.0,5000.0,13,8,16.54,4.0,4.3,1798.0,13499.0
22,22,Vivo,vivo V23e,Midnight Blue,128.0,4050.0,50,44,16.36,8.0,4.2,1557.0,23869.0
23,23,Vivo,vivo Y01,Elegant Black,32.0,5000.0,8,5,16.54,2.0,4.2,881.0,7999.0
24,24,Vivo,vivo Y01,Sapphire Blue,32.0,5000.0,8,5,16.54,2.0,4.2,881.0,7999.0
25,25,Vivo,vivo Y22,Starlit Blue,64.0,5000.0,50,8,16.64,4.0,4.3,204.0,14499.0
26,26,Vivo,vivo Y16,Steller Black,64.0,5000.0,13,5,16.54,4.0,4.4,312.0,12999.0
27,27,Vivo,vivo Y16,Drizzling Gold,32.0,5000.0,13,5,16.54,3.0,4.2,243.0,9999.0
28,28,Vivo,vivo Y21G,Diamond Glow,64.0,5000.0,13,8,16.54,4.0,4.3,1798.0,13499.0
29,29,Vivo,vivo V25,Surfing Blue,128.0,4500.0,64,50,16.36,8.0,4.3,4726.0,27999.0
30,30,Vivo,vivo V25,Elegant Black,128.0,4500.0,64,50,16.36,8.0,4.3,4726.0,27999.0
31,31,Vivo,vivo Y16,Steller Black,32.0,5000.0,13,5,16.54,3.0,4.2,243.0,10199.0
32,32,Vivo,vivo Y15s,Mystic Blue,32.0,5000.0,13,8,16.54,3.0,4.3,3124.0,9499.0
33,33,Vivo,vivo T1,Turbo Black,128.0,4700.0,64,16,16.36,8.0,4.3,12907.0,24999.0
34,34,Vivo,vivo T1,Turbo Black,128.0,4700.0,64,16,16.36,6.0,4.3,6588.0,28990.0
35,35,Vivo,vivo V25,Surfing Blue,256.0,4500.0,64,50,16.36,12.0,4.2,918.0,31999.0
36,36,Vivo,vivo Y22,Metaverse Green,64.0,5000.0,50,8,16.64,4.0,4.3,204.0,14499.0
37,37,Vivo,vivo Y53s,Deep Sea,128.0,5000.0,64,16,16.71,8.0,4.3,17755.0,15490.0
38,38,Vivo,vivo Y21T,Midnight Blue,128.0,5000.0,50,8,16.71,4.0,4.3,1449.0,15499.0
39,39,Vivo,vivo Y15s,Wave Green,32.0,5000.0,13,8,16.54,3.0,4.3,3124.0,9499.0
40,40,Vivo,vivo Y73,Roman Black,128.0,4000.0,64,16,16.36,8.0,4.4,9865.0,18990.0
41,41,Vivo,vivo Y22,Metaverse Green,128.0,5000.0,50,8,16.64,6.0,4.2,162.0,16499.0
42,42,Vivo,vivo Y33s,Mirror Black,128.0,5000.0,50,16,16.71,8.0,4.3,12012.0,17293.0
43,43,Vivo,vivo y15s,MYSTIC BLUE,32.0,5000.0,13,13,16.54,3.0,4.3,3124.0,9899.0
44,44,Vivo,vivo Y22,Starlit Blue,128.0,5000.0,50,8,16.64,6.0,4.2,162.0,16499.0
45,45,Vivo,vivo Y21T,Pearl White,128.0,5000.0,50,8,16.71,4.0,4.3,1449.0,15499.0
46,46,Vivo,vivo Y35,Dawn Gold,128.0,5000.0,50,16,16.71,8.0,4.4,754.0,18489.0
47,47,Vivo,vivo V23e,Sunshine Gold,128.0,4050.0,50,44,16.36,8.0,4.2,1557.0,22990.0
48,48,Vivo,vivo Y21,Diamond Glow,64.0,5000.0,13,8,16.54,4.0,4.3,14188.0,13499.0
49,49,Vivo,vivo Y12s,Glacier Blue,32.0,5000.0,13,8,16.54,3.0,4.3,16057.0,13990.0
50,50,Vivo,vivo Y15c,Mystic Blue,32.0,5000.0,13,8,16.54,3.0,4.1,864.0,9833.0
51,51,Vivo,vivo Y15c,Wave Green,32.0,5000.0,13,8,16.54,3.0,4.1,864.0,9951.0
52,52,Vivo,vivo Y75,Dancing waves,128.0,4050.0,50,44,16.36,8.0,4.2,1203.0,20999.0
53,53,Vivo,vivo V25,Sailing Blue,128.0,4830.0,64,32,16.66,8.0,4.3,4929.0,35999.0
54,54,Vivo,vivo Y20G,Obsidian Black,64.0,5000.0,13,8,16.54,4.0,4.3,6135.0,13990.0
55,55,Vivo,vivo Y33s,Midday Dream,128.0,5000.0,50,16,16.71,8.0,4.3,12012.0,18990.0
56,56,Vivo,vivo Y21E,Diamond Glow,64.0,5000.0,13,13,16.54,3.0,4.3,236.0,12250.0
57,57,Vivo,vivo V23,Stardust Black,256.0,4200.0,64,8,16.36,12.0,4.3,2866.0,34990.0
58,58,Vivo,vivo X80,Cosmic Black,256.0,4700.0,50,32,17.22,12.0,4.4,640.0,79999.0
59,59,Vivo,vivo Y20,Obsidian Black,64.0,5000.0,13,8,16.54,6.0,4.4,4330.0,16999.0
60,60,Vivo,vivo Y73,Roman Black,128.0,4000.0,64,16,16.36,8.0,4.4,9865.0,18990.0
61,61,Vivo,vivo X80,Urban Blue,128.0,4500.0,50,32,17.22,8.0,4.5,585.0,54999.0
62,62,Vivo,vivo V21,Sunset Dazzle,128.0,4000.0,64,44,16.36,8.0,4.3,17001.0,27990.0
63,63,Vivo,vivo X80,Cosmic Black,128.0,4500.0,50,32,17.22,8.0,4.5,585.0,54999.0
64,64,Vivo,vivo X80,Cosmic Black,256.0,4500.0,50,32,17.22,12.0,4.5,339.0,59999.0
65,65,Vivo,vivo V21,Dusk Blue,128.0,4000.0,64,44,16.36,8.0,4.3,17001.0,27990.0
66,66,Vivo,vivo V23,Sunshine Gold,128.0,4200.0,64,8,16.36,8.0,4.4,25349.0,29990.0
67,67,Vivo,vivo Y15c,Wave Green,64.0,5000.0,13,8,16.54,3.0,4.1,864.0,10990.0
68,68,Vivo,vivo Y35,Agate Black,128.0,5000.0,50,16,16.71,8.0,4.4,754.0,18499.0
69,69,Vivo,vivo V20,Midnight Jazz,256.0,4000.0,64,44,16.36,8.0,4.4,6053.0,30990.0
70,70,Vivo,vivo V9,Black,32.0,3260.0,16,16,16.0,4.0,4.4,26961.0,19990.0
71,71,Vivo,vivo V25,Pure Black,256.0,4830.0,64,32,16.66,12.0,4.3,911.0,45499.0
72,72,Vivo,vivo Z1Pro,Mirror Black,64.0,5000.0,16,32,16.59,4.0,4.5,359.0,15990.0
73,73,Vivo,vivo V15,Topaz Blue,128.0,3700.0,48,32,16.23,6.0,4.5,31214.0,32990.0
74,74,Vivo,vivo V7,Gold,64.0,3225.0,16,24,15.21,4.0,4.4,17524.0,22221.0
75,75,Vivo,vivo Y21E,Midnight Blue,64.0,5000.0,13,13,16.54,3.0,4.3,236.0,13490.0
76,76,Vivo,vivo Y93,Nebula Purple,64.0,4030.0,13,8,15.8,3.0,4.4,9440.0,14990.0
77,77,Vivo,vivo Y12G,Glacier Blue,32.0,5000.0,13,8,16.54,3.0,4.3,4504.0,11874.0
78,78,Vivo,vivo Y91,Starry Black,32.0,4030.0,13,8,15.8,3.0,4.4,15968.0,10990.0
79,79,Vivo,vivo U10,Electric Blue,64.0,5000.0,13,8,16.13,3.0,4.4,44723.0,10999.0
80,80,Vivo,vivo Y16,Steller Black,64.0,5000.0,13,5,16.54,3.0,4.2,243.0,10999.0
81,81,Vivo,vivo Y95,Starry Black,64.0,4030.0,13,20,15.8,4.0,4.4,16694.0,18990.0
82,82,Vivo,vivo U10,Thunder Black,32.0,5000.0,13,8,16.13,3.0,4.4,44723.0,10990.0
83,83,Vivo,vivo V21e,Sunset Jazz,128.0,4000.0,64,32,16.36,8.0,4.3,7853.0,24990.0
84,84,Vivo,vivo U10,Electric Blue,32.0,5000.0,13,8,16.13,3.0,4.4,44723.0,10990.0
85,85,Vivo,vivo X80,Urban Blue,256.0,4500.0,50,32,17.22,12.0,4.5,339.0,59999.0
86,86,Vivo,vivo V19,Piano Black,128.0,4500.0,48,8,16.36,8.0,4.4,13500.0,30990.0
87,87,Vivo,vivo V25,Sailing Blue,256.0,4830.0,64,32,16.66,12.0,4.3,911.0,45000.0
88,88,Vivo,vivo V23,Stardust Black,128.0,4300.0,108,8,16.66,8.0,4.3,3670.0,38990.0
89,89,Vivo,vivo V15,Topaz Blue,128.0,3700.0,8,32,16.23,8.0,4.5,3055.0,34990.0
90,90,Vivo,vivo X21,Black,128.0,3200.0,12,12,15.95,6.0,4.3,1893.0,36990.0
91,91,Vivo,vivo V21,Neon Spark,128.0,4000.0,64,44,16.36,8.0,4.3,17001.0,27999.0
92,92,Vivo,vivo S1,Skyline Blue,64.0,4500.0,16,32,16.21,6.0,4.4,2739.0,20990.0
93,93,Vivo,vivo U10,Electric Blue,64.0,5000.0,13,8,16.13,4.0,4.4,5596.0,13990.0
0,0,One Plus,OnePlus Nord CE,Blue Tide,128.0,5000.0,64,16,16.74,6.0,4.4,31678.0,19825.0
1,1,One Plus,OnePlus Nord CE,Blue Tide,128.0,5000.0,64,16,16.74,6.0,4.4,31678.0,19849.0
2,2,One Plus,OnePlus Nord CE,Black Dusk,128.0,5000.0,64,16,16.74,6.0,4.4,31678.0,19999.0
3,3,One Plus,OnePlus Nord CE,Blue Tide,128.0,5000.0,64,16,16.74,6.0,4.4,31678.0,19804.0
4,4,One Plus,OnePlus Nord 2T,Jade Fog,256.0,4500.0,50,16,17.02,12.0,4.4,1453.0,33971.0
5,5,One Plus,OnePlus Nord 2T,Gray Shadow,256.0,4500.0,50,16,16.94,12.0,4.4,1453.0,33998.0
6,6,One Plus,OnePlus Nord 2T,Gray Shadow,128.0,4500.0,50,16,17.02,8.0,4.4,3822.0,28880.0
7,7,One Plus,OnePlus Nord CE,Gray Mirror,128.0,4500.0,50,16,16.33,6.0,4.3,351.0,23999.0
8,8,One Plus,OnePlus 10T 5G,Jade Green,256.0,4800.0,50,16,17.02,12.0,4.2,37.0,52675.0
9,9,One Plus,OnePlus 10T 5G,Moonstone Black,256.0,4800.0,50,16,17.02,12.0,4.2,37.0,52719.0
10,10,One Plus,OnePlus 10R 5G,Sierra Black,128.0,5000.0,50,16,17.02,8.0,4.3,1115.0,35990.0
11,11,One Plus,OnePlus 10R 5G,Forest Green,256.0,5000.0,50,16,17.02,12.0,4.2,574.0,42999.0
12,12,One Plus,OnePlus 10T 5G,Moonstone Black,256.0,4800.0,50,16,17.02,16.0,4.3,6.0,53749.0
13,13,One Plus,OnePlus Nord CE,Black Dusk,128.0,5000.0,64,16,16.74,6.0,4.4,31678.0,19999.0
14,14,One Plus,OnePlus Nord 2,PAC,256.0,4500.0,50,16,16.33,12.0,4.4,157.0,37997.0
15,15,One Plus,OnePlus Nord 2T,Gray Shadow,256.0,4500.0,50,16,17.02,12.0,4.4,1453.0,33999.0
16,16,One Plus,OnePlus 9 5G,Astral Black,128.0,4500.0,48,16,16.64,8.0,3.9,276.0,39949.0
17,17,One Plus,OnePlus 9RT 5G,Nano Silver,128.0,4500.0,50,16,16.81,8.0,4.3,469.0,39599.0
18,18,One Plus,OnePlus 10R 5G,Sierra Black,256.0,4500.0,50,16,17.02,12.0,4.2,574.0,38999.0
19,19,One Plus,OnePlus Nord CE,Blue Tide,128.0,5000.0,64,16,16.74,6.0,4.4,31678.0,19980.0
20,20,One Plus,OnePlus Nord 2T,Jade Fog,128.0,4500.0,50,16,17.02,8.0,4.4,3822.0,28999.0
21,21,One Plus,OnePlus Nord 2T,Jade Fog,256.0,4500.0,50,16,17.02,12.0,4.4,1453.0,33799.0
22,22,One Plus,OnePlus 10T 5G,Moonstone Black,128.0,4800.0,50,16,17.02,8.0,4.3,80.0,49400.0
23,23,One Plus,OnePlus Nord N20,Celestial Black,64.0,5000.0,50,16,16.66,4.0,5.0,4.0,15345.0
24,24,One Plus,OnePlus 10T 5G,Jade Green,128.0,4800.0,50,16,17.02,8.0,4.3,80.0,47249.0
25,25,One Plus,OnePlus 10R 5G,Forest Green,128.0,5000.0,50,16,17.02,8.0,4.3,1115.0,35500.0
26,26,One Plus,OnePlus 10R 5G,Sierra Black,256.0,5000.0,50,16,17.02,12.0,4.2,574.0,40000.0
27,27,One Plus,OnePlus Nord 2,Gray Sierra,128.0,4500.0,50,16,16.33,8.0,4.4,1767.0,29990.0
28,28,One Plus,OnePlus 10 Pro,Volcanic Black,128.0,5000.0,48,16,17.02,8.0,4.2,80.0,62999.0
29,29,One Plus,OnePlus 9 Pro,Pine Green,256.0,4500.0,48,16,17.02,12.0,3.9,185.0,69980.0
30,30,One Plus,OnePlus 10 Pro,Emerald Forest,128.0,5000.0,48,16,17.02,8.0,4.2,80.0,61999.0
31,31,One Plus,OnePlus Nord CE,Bahama Blue,128.0,4500.0,64,16,16.33,8.0,4.4,2031.0,24999.0
32,32,One Plus,OnePlus Nord CE,Gray Mirror,128.0,4500.0,64,16,16.33,8.0,4.4,2031.0,24995.0
33,33,One Plus,OnePlus Nord CE,Bahama Blue,128.0,4500.0,64,16,16.33,6.0,4.3,351.0,23900.0
34,34,One Plus,OnePlus Nord CE,Gray Mirror,128.0,4500.0,64,16,16.33,6.0,4.3,351.0,23990.0
35,35,One Plus,OnePlus 9 Pro,Morning Mist,256.0,4500.0,48,16,17.02,12.0,3.9,185.0,64998.0
36,36,One Plus,OnePlus 10R 5G,Prime Blue,128.0,5000.0,50,16,17.02,8.0,4.3,1115.0,35499.0
37,37,One Plus,OnePlus 8T 5G,Lunar Silver,128.0,4500.0,48,16,16.64,8.0,4.4,127.0,33829.0
38,38,One Plus,OnePlus Nord 2,Green Wood,256.0,4500.0,50,16,16.33,12.0,4.4,157.0,33999.0
39,39,One Plus,OnePlus Nord 2,Blue Haze,128.0,4500.0,50,16,16.33,8.0,4.4,1767.0,29799.0
40,40,One Plus,OnePlus Nord CE,Silver Ray,256.0,4500.0,64,16,16.33,12.0,4.4,27.0,26999.0
41,41,One Plus,OnePlus Nord CE,Blue Void,256.0,4500.0,64,16,16.33,12.0,4.4,27.0,27999.0
42,42,One Plus,OnePlus Nord CE2,Blue Tide,128.0,5000.0,64,16,16.74,8.0,4.4,592.0,21900.0
43,43,One Plus,OnePlus 9RT 5G,Hacker Black,128.0,4500.0,50,16,16.81,8.0,4.3,469.0,39890.0
44,44,One Plus,OnePlus Nord CE,Charcoal Ink,256.0,4500.0,64,16,16.33,12.0,4.4,27.0,27900.0
45,45,One Plus,OnePlus 8T 5G,Aquamarine Green,128.0,4500.0,48,16,16.64,8.0,4.4,127.0,34999.0
46,46,One Plus,OnePlus 9 5G,Winter Mist,256.0,4500.0,48,16,16.64,12.0,4.0,231.0,41490.0
47,47,One Plus,OnePlus 8T 5G,Lunar Silver,256.0,4500.0,48,16,16.64,12.0,3.0,5.0,35999.0
48,48,One Plus,OnePlus Nord CE,Black Dusk,128.0,5000.0,64,16,16.74,8.0,4.3,3293.0,21880.0
49,49,One Plus,OnePlus 9RT 5G,Nano Silver,256.0,4500.0,50,16,16.81,12.0,4.1,242.0,44998.0
50,50,One Plus,OnePlus 9 Pro,Stellar Black,128.0,4500.0,48,16,17.02,8.0,4.4,149.0,48999.0
51,51,One Plus,OnePlus One,Silk White,16.0,3100.0,13,5,13.97,3.0,4.4,3662.0,18998.0
52,52,One Plus,OnePlus 9R 5G,Lake Blue,128.0,4500.0,48,16,16.64,8.0,3.8,26.0,33990.0
53,53,One Plus,OnePlus 9R 5G,Carbon Black,128.0,4500.0,48,16,16.64,8.0,3.8,26.0,33999.0
54,54,One Plus,OnePlus Nord CE,Blue Void,128.0,4500.0,64,16,16.33,8.0,3.4,28.0,25666.0
55,55,One Plus,OnePlus Nord CE,Blue Void,128.0,4500.0,64,16,16.33,12.0,4.4,27.0,30999.0
56,56,One Plus,OnePlus Nord CE,Charcoal Ink,128.0,4500.0,64,16,16.33,6.0,4.0,4.0,20999.0
57,57,One Plus,OnePlus 10 Pro,Volcanic Black,256.0,5000.0,48,16,17.02,12.0,3.6,66.0,66000.0
58,58,One Plus,OnePlus Nord CE,Blue Void,128.0,4500.0,64,16,16.33,6.0,4.0,4.0,22999.0
59,59,One Plus,OnePlus 8,Onyx Black,256.0,4300.0,48,16,16.64,12.0,4.5,246.0,34999.0
60,60,One Plus,OnePlus 8,Glacial Green,128.0,4300.0,48,16,16.64,6.0,3.4,23.0,41999.0
61,61,One Plus,OnePlus 8,Glacial Green,128.0,4300.0,48,16,16.64,6.0,3.4,23.0,41999.0
62,62,One Plus,OnePlus 8,Onyx Black,128.0,4300.0,48,16,16.64,8.0,4.5,441.0,44999.0
63,63,One Plus,OnePlus 9RT 5G,Hacker Black,256.0,4500.0,50,16,16.81,8.0,4.3,469.0,48999.0
64,64,One Plus,OnePlus 9 5G,Arctic Sky,256.0,4500.0,48,16,16.64,12.0,4.0,231.0,41997.0
65,65,One Plus,OnePlus OnePlus 5,Slate Gray,128.0,3300.0,16,16,13.97,8.0,4.5,393.0,37999.0
66,66,One Plus,OnePlus 7,Red,256.0,3700.0,48,16,16.28,8.0,4.6,2716.0,31990.0
67,67,One Plus,OnePlus 7,Mirror Grey,128.0,3700.0,48,16,16.28,6.0,4.6,3679.0,32990.0
68,68,One Plus,OnePlus 9 Pro,Pine Green,128.0,4500.0,48,16,17.02,8.0,3.9,67.0,49999.0
69,69,One Plus,OnePlus 7T,Frosted Silver,256.0,3800.0,48,16,16.64,8.0,4.6,9593.0,38999.0
70,70,One Plus,OnePlus 7 Pro,Nebula Blue,256.0,4000.0,48,16,16.94,12.0,4.6,104.0,50348.0
71,71,One Plus,OnePlus 6T,Speed Orange,256.0,3700.0,16,16,16.28,10.0,4.2,41.0,39999.0
72,72,One Plus,OnePlus 6T,Mirror Black,128.0,3700.0,16,16,16.28,6.0,4.5,24.0,30999.0
73,73,One Plus,OnePlus 6T,Midnight Black,128.0,3700.0,16,16,16.28,8.0,4.5,123.0,31999.0
74,74,One Plus,OnePlus 7 Pro,Mirror Grey,128.0,4000.0,48,16,16.94,6.0,4.5,305.0,41799.0
75,75,One Plus,OnePlus 7 Pro,Almond,256.0,4000.0,48,16,16.94,8.0,4.5,1362.0,44399.0
76,76,One Plus,OnePlus 8,Interstellar Glow,256.0,4300.0,48,16,16.64,12.0,4.5,246.0,49999.0
77,77,One Plus,OnePlus 8,Glacial Green,128.0,4300.0,48,16,16.64,8.0,4.5,441.0,34999.0
78,78,One Plus,OnePlus 8 Pro,Glacial Green,128.0,4510.0,48,16,17.22,8.0,4.3,16.0,54999.0
0,0,Motorola,MOTOROLA e40,Carbon Gray,64.0,5000.0,48,8,16.51,4.0,4.1,44238.0,9999.0
1,1,Motorola,MOTOROLA e40,Pink Clay,64.0,5000.0,48,8,16.51,4.0,4.1,44238.0,9999.0
2,2,Motorola,MOTOROLA g82,Meterorite Grey,128.0,5000.0,50,16,16.76,6.0,4.1,4028.0,21499.0
3,3,Motorola,MOTOROLA G62,Frosted Blue,128.0,5000.0,50,16,16.64,8.0,4.1,1218.0,19999.0
4,4,Motorola,Moto G71,Arctic Blue,128.0,5000.0,50,16,16.26,6.0,4.2,20077.0,16999.0
5,5,Motorola,MOTOROLA G62,Midnight Gray,128.0,5000.0,50,16,16.64,8.0,4.1,1218.0,19999.0
6,6,Motorola,MOTOROLA G51,Indigo Blue,64.0,5000.0,50,13,17.27,4.0,4.1,15080.0,14999.0
7,7,Motorola,MOTOROLA g52,Metallic White,64.0,5000.0,50,16,16.76,4.0,4.2,7260.0,14499.0
8,8,Motorola,MOTOROLA g52,Charcoal Grey,64.0,5000.0,50,16,16.76,4.0,4.2,7260.0,14499.0
9,9,Motorola,MOTOROLA G62,Frosted Blue,128.0,5000.0,50,16,16.64,6.0,4.1,4637.0,17999.0
10,10,Motorola,MOTOROLA g52,Metallic White,128.0,5000.0,50,16,16.76,6.0,4.2,15194.0,16499.0
11,11,Motorola,MOTOROLA G60,Soft Silver,128.0,6000.0,108,32,17.22,6.0,4.2,127.0,15999.0
12,12,Motorola,MOTOROLA e32s,Misty Silver,32.0,5000.0,16,8,16.51,3.0,3.7,112.0,7995.0
13,13,Motorola,MOTOROLA G32,Mineral Gray,64.0,5000.0,50,16,16.64,4.0,4.2,8289.0,12999.0
14,14,Motorola,MOTOROLA g31,Baby Blue,64.0,5000.0,50,13,16.26,4.0,4.2,29792.0,10499.0
15,15,Motorola,MOTOROLA g31,Meteorite Grey,64.0,5000.0,50,13,16.26,4.0,4.2,29792.0,10499.0
16,16,Motorola,MOTOROLA g52,Charcoal Grey,128.0,5000.0,50,16,16.76,6.0,4.2,15194.0,16499.0
17,17,Motorola,MOTOROLA G62,Midnight Gray,128.0,5000.0,50,16,16.64,6.0,4.1,4637.0,17999.0
18,18,Motorola,MOTOROLA Edge,Starlight White,256.0,4610.0,200,60,16.94,12.0,4.1,87.0,59999.0
19,19,Motorola,MOTOROLA G40,Dynamic Gray,128.0,6000.0,64,16,17.22,6.0,4.2,54656.0,13499.0
20,20,Motorola,MOTOROLA G40,Frosted Champagne,64.0,6000.0,64,16,17.22,4.0,4.2,32732.0,14499.0
21,21,Motorola,MOTOROLA G60,Dynamic Gray,128.0,6000.0,108,32,17.27,6.0,4.2,127.0,15999.0
22,22,Motorola,MOTOROLA G60,Dynamic Gray,128.0,6000.0,108,32,17.27,6.0,4.2,127.0,15999.0
23,23,Motorola,MOTOROLA g82,White Lily,128.0,5000.0,50,16,16.76,8.0,4.1,2414.0,22999.0
24,24,Motorola,MOTOROLA edge,Meteor Grey,128.0,4020.0,50,32,16.64,6.0,4.2,5218.0,27999.0
25,25,Motorola,MOTOROLA edge,Aurora Green,128.0,4020.0,50,32,16.64,6.0,4.2,5218.0,27999.0
26,26,Motorola,MOTOROLA Edge,Solar Gold,128.0,4400.0,50,32,16.64,8.0,4.3,1332.0,39999.0
27,27,Motorola,MOTOROLA e32s,Slate Gray,32.0,5000.0,16,2,16.51,3.0,3.7,112.0,7949.0
28,28,Motorola,Moto G71,Neptune Green,128.0,5000.0,50,16,16.26,6.0,4.2,20077.0,16999.0
29,29,Motorola,MOTOROLA Edge,Cosmic grey,128.0,4400.0,50,32,16.64,8.0,4.3,1332.0,39999.0
30,30,Motorola,MOTOROLA g42,Metallic Rose,64.0,5000.0,50,16,16.43,4.0,4.1,1992.0,11999.0
31,31,Motorola,MOTOROLA g82,White Lily,128.0,5000.0,50,16,16.76,8.0,4.1,2414.0,22999.0
32,32,Motorola,Moto G5,Lunar Grey,128.0,3000.0,12,5,13.21,4.0,4.3,218.0,16999.0
33,33,Motorola,MOTOROLA G40,Dynamic Gray,64.0,6000.0,64,16,17.22,4.0,4.2,32732.0,14499.0
34,34,Motorola,Moto E6s,Rich Cranberry,512.0,3000.0,13,8,15.49,4.0,4.1,79003.0,7499.0
35,35,Motorola,MOTOROLA Edge,Iridescent Cloud,128.0,4500.0,108,32,17.02,8.0,4.0,3053.0,29999.0
36,36,Motorola,MOTOROLA G8,Royal Blue,256.0,5000.0,16,8,16.51,4.0,4.3,63777.0,9999.0
37,37,Motorola,Motorola One,Space Blue,512.0,4000.0,13,8,15.75,4.0,4.3,22691.0,11999.0
38,38,Motorola,MOTOROLA e32,Eco Black,64.0,5000.0,50,8,16.51,4.0,4.1,52.0,9999.0
39,39,Motorola,MOTOROLA Edge,Frosted Pearl,128.0,4000.0,108,32,17.02,8.0,4.1,8825.0,27999.0
40,40,Motorola,MOTOROLA G8,Arctic Blue,256.0,5000.0,16,8,16.51,4.0,4.3,63777.0,9999.0
41,41,Motorola,MOTOROLA Edge,Frosted Onyx,128.0,4000.0,108,32,17.02,8.0,4.1,8825.0,27999.0
42,42,Motorola,MOTOROLA g82,Meterorite Grey,128.0,5000.0,50,16,16.76,8.0,4.1,2414.0,22999.0
43,43,Motorola,MOTOROLA Edge,Stardust White,128.0,4800.0,50,60,17.02,8.0,4.0,842.0,39999.0
44,44,Motorola,MOTOROLA Edge,Electric Graphite,128.0,5000.0,108,32,16.94,8.0,4.1,11500.0,20999.0
45,45,Motorola,MOTOROLA e32s,Slate Gray,64.0,5000.0,16,8,16.51,4.0,3.9,1213.0,9999.0
46,46,Motorola,MOTOROLA Edge,Cosmos Blue,128.0,4800.0,50,60,17.02,8.0,4.0,842.0,39999.0
47,47,Motorola,MOTOROLA Edge,Cyber Teal,128.0,5000.0,108,32,17.0,8.0,4.1,11500.0,20999.0
48,48,Motorola,MOTOROLA e32s,Misty Silver,64.0,5000.0,16,8,16.51,4.0,3.9,1213.0,9999.0
49,49,Motorola,MOTOROLA Edge,Starlight White,128.0,4610.0,200,60,16.94,8.0,4.4,836.0,54999.0
50,50,Motorola,MOTOROLA Edge,Interstellar Black,128.0,4610.0,200,60,16.94,8.0,4.4,836.0,54999.0
51,51,Motorola,MOTOROLA e32,Arctic Blue,64.0,5000.0,50,8,16.51,4.0,4.1,52.0,9999.0
52,52,Motorola,MOTOROLA One,Moonlight White,128.0,5000.0,64,16,16.51,6.0,4.4,101.0,16999.0
53,53,Motorola,MOTOROLA E7,Coral Red,32.0,5000.0,13,5,16.54,2.0,4.1,10337.0,6999.0
54,54,Motorola,MOTOROLA One,Twilight Blue,128.0,5000.0,64,16,16.51,6.0,4.4,101.0,16999.0
55,55,Motorola,Moto G,Volcanic Grey,128.0,5000.0,48,16,16.94,6.0,4.2,14790.0,24999.0
56,56,Motorola,Moto G,Frosted Silver,128.0,5000.0,48,16,16.94,6.0,4.2,14790.0,24999.0
57,57,Motorola,MOTOROLA G10,Aurora Grey,64.0,6000.0,48,8,16.54,4.0,4.1,61000.0,10499.0
58,58,Motorola,MOTOROLA E7,Misty Blue,512.0,5000.0,48,8,16.51,4.0,4.2,48518.0,9499.0
59,59,Motorola,MOTOROLA e22s,Eco Black,64.0,5000.0,16,8,16.51,4.0,4.0,13.0,8999.0
60,60,Motorola,MOTOROLA G51,Bright Silver,64.0,5000.0,50,13,17.27,4.0,4.1,15080.0,14999.0
61,61,Motorola,MOTOROLA E7,Tahiti Blue,64.0,5000.0,13,5,16.54,4.0,4.1,83358.0,8999.0
62,62,Motorola,MOTOROLA Edge,Cyber Teal,128.0,5000.0,108,32,16.94,6.0,4.0,18884.0,18999.0
63,63,Motorola,MOTOROLA G60,Frosted Champagne,128.0,6000.0,108,32,17.22,6.0,4.2,127.0,15999.0
64,64,Motorola,MOTOROLA G9,Sapphire Blue,512.0,5000.0,48,8,16.51,4.0,4.2,46823.0,11499.0
65,65,Motorola,MOTOROLA Edge,Electric Graphite,128.0,5000.0,108,32,16.94,8.0,4.1,11500.0,20999.0
66,66,Motorola,MOTOROLA Edge,Cyber Teal,128.0,5000.0,108,32,17.0,8.0,4.1,11500.0,20999.0
67,67,Motorola,MOTOROLA G30,Dark Pearl,64.0,5000.0,64,13,16.54,4.0,4.1,36135.0,10999.0
68,68,Motorola,Moto G,Black,32.0,2470.0,13,5,12.7,2.0,4.2,997.0,16999.0
69,69,Motorola,MOTOROLA Razr,Black,128.0,2510.0,16,5,15.75,6.0,3.7,194.0,149999.0
70,70,Motorola,MOTOROLA G9,Electric Violet,512.0,6000.0,64,16,17.22,4.0,4.1,32029.0,11999.0
71,71,Motorola,MOTOROLA g22,Cosmic Black,64.0,5000.0,50,16,16.51,4.0,3.7,23584.0,9999.0
72,72,Motorola,Moto E4,Oxford Blue,128.0,5000.0,13,5,13.97,3.0,4.1,483.0,9999.0
73,73,Motorola,Moto E4,Fine Gold,128.0,5000.0,13,5,13.97,3.0,4.1,483.0,9999.0
74,74,Motorola,Moto X,Black Leather,16.0,2300.0,13,2,13.21,2.0,4.2,6219.0,23999.0
75,75,Motorola,Moto E6s,Polished Graphite,512.0,3000.0,13,8,15.49,4.0,4.1,79003.0,7499.0
76,76,Motorola,MOTOROLA Edge,Frosted Emerald,128.0,4000.0,108,32,17.02,8.0,4.1,8825.0,27999.0
77,77,Motorola,MOTOROLA Edge,Midnight Sky,128.0,4500.0,108,32,17.02,8.0,4.0,3053.0,29999.0
78,78,Motorola,MOTOROLA G10,Breeze Blue,64.0,6000.0,48,8,16.54,4.0,4.1,61000.0,10499.0
79,79,Motorola,MOTOROLA Edge,Interstellar Black,256.0,4610.0,200,60,16.94,12.0,4.1,87.0,59999.0
80,80,Motorola,Moto X4,Sterling Blue,64.0,3000.0,12,16,13.21,4.0,4.3,21119.0,23999.0
81,81,Motorola,Motorola One,Ultra Violet,512.0,4000.0,13,8,15.75,4.0,4.3,22691.0,11999.0
0,0,Poco,POCO M4,Cool Blue,128.0,5000.0,50,16,16.76,6.0,4.2,33358.0,16999.0
1,1,Poco,POCO X4,Laser Blue,128.0,5000.0,64,16,16.94,6.0,4.1,52113.0,19999.0
2,2,Poco,POCO M4,Cool Blue,128.0,5000.0,64,16,16.33,8.0,4.3,10988.0,17999.0
3,3,Poco,POCO X4,Laser Black,128.0,5000.0,64,16,16.94,6.0,4.1,52113.0,19999.0
4,4,Poco,POCO M4,Yellow,64.0,5000.0,50,16,16.76,4.0,4.3,27336.0,14999.0
5,5,Poco,POCO M5,Power Black,512.0,5000.0,50,8,16.71,4.0,4.3,1719.0,12499.0
6,6,Poco,POCO M5,Icy Blue,512.0,5000.0,50,8,16.71,4.0,4.3,1719.0,12499.0
7,7,Poco,POCO X4,Laser Blue,128.0,5000.0,64,16,16.94,8.0,4.1,12278.0,21999.0
8,8,Poco,POCO M4,Yellow,128.0,5000.0,50,16,16.76,6.0,4.2,33358.0,16999.0
9,9,Poco,POCO M4,Cool Blue,512.0,5000.0,50,8,16.71,6.0,4.1,19287.0,14999.0
10,10,Poco,POCO M4,Power Black,128.0,5000.0,50,16,16.76,6.0,4.2,33358.0,16999.0
11,11,Poco,POCO M4,Yellow,64.0,5000.0,64,16,16.33,6.0,4.3,113.0,14999.0
12,12,Poco,POCO C31,Royal Blue,512.0,5000.0,13,5,16.59,3.0,4.3,111.0,8499.0
13,13,Poco,POCO X4,Laser Black,128.0,5000.0,64,16,16.94,8.0,4.1,12278.0,21999.0
14,14,Poco,POCO X4,Yellow,128.0,5000.0,64,16,16.94,6.0,4.1,52113.0,19999.0
15,15,Poco,POCO M4,Power Black,128.0,5000.0,64,16,16.33,6.0,4.3,113.0,16499.0
16,16,Poco,POCO M4,Cool Blue,64.0,5000.0,64,16,16.33,6.0,4.3,113.0,14999.0
17,17,Poco,POCO M2,Green and,512.0,5000.0,48,16,16.94,4.0,4.3,247.0,13999.0
18,18,Poco,POCO X4,Laser Blue,64.0,5000.0,64,16,16.94,6.0,4.1,52113.0,18999.0
19,19,Poco,POCO F4,Night Black,128.0,4500.0,64,20,16.94,6.0,4.3,10725.0,27999.0
20,20,Poco,POCO M4,Yellow,128.0,5000.0,50,16,16.76,8.0,4.2,5539.0,18999.0
21,21,Poco,POCO X4,Laser Black,64.0,5000.0,64,16,16.94,6.0,4.1,52113.0,18999.0
22,22,Poco,POCO M5,Yellow,512.0,5000.0,50,8,16.71,6.0,4.3,859.0,14499.0
23,23,Poco,POCO X4,Yellow,64.0,5000.0,64,16,16.94,6.0,4.1,52113.0,18999.0
24,24,Poco,POCO M5,Power Black,512.0,5000.0,50,8,16.71,6.0,4.3,859.0,14499.0
25,25,Poco,POCO M3,Yellow,512.0,6000.0,48,8,16.59,4.0,4.3,123.0,11490.0
26,26,Poco,POCO X4,Yellow,128.0,5000.0,64,16,16.94,8.0,4.1,12278.0,21999.0
27,27,Poco,POCO M4,Yellow,128.0,5000.0,64,16,16.33,8.0,4.3,10988.0,17999.0
28,28,Poco,POCO F4,Night Black,256.0,4500.0,64,20,16.94,12.0,4.4,2180.0,33999.0
29,29,Poco,POCO C3,Lime Green,512.0,5000.0,13,5,16.59,3.0,4.3,397.0,8499.0
30,30,Poco,POCO M4,Yellow,512.0,5000.0,50,8,16.71,4.0,4.2,39407.0,12999.0
31,31,Poco,POCO M5,Yellow,512.0,5000.0,50,8,16.71,4.0,4.3,1719.0,12499.0
32,32,Poco,POCO M4,Power Black,128.0,5000.0,50,16,16.76,8.0,4.2,5539.0,18999.0
33,33,Poco,POCO M5,Icy Blue,512.0,5000.0,50,8,16.71,6.0,4.3,859.0,14499.0
34,34,Poco,POCO M4,Power Black,512.0,5000.0,50,8,16.71,4.0,4.2,39407.0,12999.0
35,35,Poco,POCO M4,Cool Blue,128.0,5000.0,50,16,16.76,8.0,4.2,5539.0,18999.0
36,36,Poco,POCO C31,Shadow Gray,512.0,5000.0,13,5,16.59,3.0,4.3,111.0,8499.0
37,37,Poco,POCO M4,Cool Blue,512.0,5000.0,50,8,16.71,4.0,4.2,39407.0,12999.0
38,38,Poco,POCO X3,Cobalt Blue,512.0,6000.0,64,20,16.94,8.0,4.3,38865.0,18999.0
39,39,Poco,POCO F1,Rosso Red,256.0,4000.0,12,20,15.7,6.0,4.5,244.0,18999.0
40,40,Poco,POCO F1,Rosso Red,256.0,4000.0,12,20,15.7,6.0,4.5,244.0,18999.0
41,41,Poco,POCO C3,Matte Black,512.0,5000.0,13,5,16.59,4.0,4.3,304.0,9499.0
42,42,Poco,POCO F1,Graphite Black,256.0,4000.0,12,20,15.7,6.0,4.5,244.0,21999.0
43,43,Poco,POCO F1,Steel Blue,256.0,4000.0,12,20,15.7,6.0,4.5,244.0,21999.0
44,44,Poco,POCO M2,Out of,512.0,5000.0,48,16,16.94,6.0,4.4,349.0,15999.0
45,45,Poco,POCO M3,Cool Blue,512.0,6000.0,48,8,16.59,6.0,4.3,479.0,12999.0
46,46,Poco,POCO F3,Predator Black,128.0,5065.0,64,16,16.94,6.0,4.3,4658.0,28999.0
47,47,Poco,POCO M3,Yellow,128.0,5000.0,48,8,16.51,6.0,4.2,51734.0,16499.0
48,48,Poco,POCO F3,Predator Black,128.0,5065.0,64,16,16.94,8.0,4.3,14744.0,28999.0
49,49,Poco,POCO M3,Power Black,64.0,5000.0,48,8,16.51,4.0,4.3,62329.0,14499.0
50,50,Poco,POCO M3,Power Black,128.0,5000.0,48,8,16.51,6.0,4.2,51734.0,16499.0
51,51,Poco,POCO M3,Yellow,64.0,5000.0,48,8,16.51,4.0,4.3,62329.0,14499.0
52,52,Poco,POCO M3,Cool Blue,64.0,5000.0,48,8,16.51,4.0,4.3,62329.0,14499.0
53,53,Poco,POCO M2,Green and,512.0,5000.0,48,16,16.94,6.0,4.4,349.0,14999.0
54,54,Poco,POCO C3,Arctic Blue,512.0,5000.0,13,5,16.59,4.0,4.3,304.0,9499.0
55,55,Poco,POCO F4,Nebula Green,128.0,4500.0,64,20,16.94,6.0,4.3,10725.0,27999.0
56,56,Poco,POCO M3,Cool Blue,128.0,5000.0,48,8,16.51,6.0,4.2,51734.0,16499.0
57,57,Poco,POCO F4,Nebula Green,256.0,4500.0,64,20,16.94,12.0,4.4,2180.0,33999.0
58,58,Poco,POCO F4,Night Black,128.0,4500.0,64,20,16.94,8.0,4.3,3885.0,29999.0
59,59,Poco,POCO C3,Matte Black,512.0,5000.0,13,5,16.59,3.0,4.3,397.0,8490.0
60,60,Poco,POCO X3,Golden Bronze,128.0,5160.0,48,20,16.94,6.0,4.4,135.0,19999.0
61,61,Poco,POCO X2,Matrix Purple,512.0,4500.0,64,2,16.94,8.0,4.5,60832.0,20999.0
62,62,Poco,POCO F3,Gunmetal Silver,128.0,5065.0,64,16,16.94,8.0,4.3,14744.0,28999.0
63,63,Poco,POCO C3,Arctic Blue,512.0,5000.0,13,5,16.59,3.0,4.3,397.0,8349.0
64,64,Poco,POCO F1,Steel Blue,256.0,4000.0,12,20,15.7,6.0,4.5,244.0,24999.0
65,65,Poco,POCO F1,Rosso Red,256.0,4000.0,12,20,15.7,6.0,4.5,244.0,24999.0
66,66,Poco,POCO M3,Yellow,512.0,6000.0,48,8,16.59,6.0,4.3,479.0,14490.0
67,67,Poco,POCO F3,Gunmetal Silver,128.0,5065.0,64,16,16.94,6.0,4.3,4658.0,28999.0
68,68,Poco,POCO M2,Mostly Blue,512.0,5000.0,13,8,16.59,4.0,4.3,66363.0,10989.0
69,69,Poco,POCO F1,Armoured Edition,256.0,4000.0,12,20,15.7,8.0,4.5,28194.0,30999.0
70,70,Poco,POCO X2,Atlantis Blue,512.0,4500.0,64,2,16.94,6.0,4.5,270.0,15999.0
71,71,Poco,POCO X3,Golden Bronze,128.0,5160.0,48,20,16.94,8.0,4.3,55611.0,21999.0
72,72,Poco,POCO M3,Power Black,512.0,6000.0,48,8,16.59,6.0,4.3,479.0,12999.0
73,73,Poco,POCO X3,Shadow Gray,512.0,6000.0,64,20,16.94,6.0,4.3,254.0,16999.0
74,74,Poco,POCO X3,Shadow Gray,512.0,6000.0,64,20,16.94,6.0,4.3,254.0,16999.0
75,75,Poco,POCO M2,Slate Blue,512.0,5000.0,13,8,16.59,6.0,4.4,406.0,11499.0
76,76,Poco,POCO C3,Matte Black,512.0,5000.0,13,5,16.59,3.0,4.3,397.0,8490.0
77,77,Poco,POCO X3,Cobalt Blue,512.0,6000.0,64,20,16.94,6.0,4.3,254.0,16999.0
78,78,Poco,POCO X3,Steel Blue,128.0,5160.0,48,20,16.94,8.0,4.3,55611.0,21999.0
79,79,Poco,POCO M3,Cool Blue,512.0,6000.0,48,8,16.59,6.0,4.3,479.0,12999.0
80,80,Poco,POCO F3,Predator Black,256.0,5065.0,64,16,16.94,8.0,4.3,14744.0,30999.0
81,81,Poco,POCO F3,Gunmetal Silver,256.0,5065.0,64,16,16.94,8.0,4.3,14744.0,30999.0
